artist,artist_id,date,spotify_listeners_daily_diff,twitter_followers,instagram_followers,youtube_artist_views
Ryan Montbleau,5Q2ZtOZ0vOdtcjGDOq6ZQc,2019-05-12,,7541,,
John Mayer,0hEurMDQu99nJRq8pTxO14,2019-05-12,15153696,1467073,,
Mountain Man,5kmPNusdo1mCTyz4u1uEGm,2019-05-12,491882,,,
Angus & Julia Stone,4tvKz56Tr39bkhcQUTO0Xr,2019-05-12,5121278,55431,174858,
Aaron Krause,52MFUXZatn0KsT2bdPQI2a,2019-05-12,,1109,,
Dua Lipa,6M2wZ9GZgrQXHCFfjv46we,2019-05-12,31776056,3143331,29481374,
Ed Sheeran,6eUKZXaKkcviH0Ku9w2n3V,2019-05-12,40692009,19126895,28784177,2993600
Eddie Berman,7FfxvcUIbQ1VxrApeoq8ql,2019-05-12,1066344,,878,
Imagine Dragons,53XhwfbYqKCa1cC15pYq2q,2019-05-12,35474174,5982240,,1617034
Megan Davies,09kCHZp9iFO2FJNb9lR6G5,2019-05-12,1629069,4664,15206,
Lotte Kestner,0LmmhAkoebSsbFfgCybcGI,2019-05-12,,1902,,
Kina Grannis,7h4j9YTJJuAHzLCc3KCvYu,2019-05-12,,153856,202494,
Run River North,0INDB6Snts5NDbzh8jC3lk,2019-05-12,618524,8123,13960,
Iron & Wine,4M5nCE77Qaxayuhp3fVn4V,2019-05-12,4452678,76780,47631,
Imaginary Future,470WlqN9HSRDGNaMufeHHF,2019-05-12,,,,
Twin Bandit,0PFFKJfJZU5TbgQXIw8cBr,2019-05-12,,383,,
Saint Sister,7ufZdjYTNe1vzA9Z6Fek14,2019-05-12,252684,4093,7273,
Gardiner Sisters,3J28FLi8jjXtUGWf69cP7I,2019-05-12,,18534,,
Lissie,3j4FHbC5zwmYGJ7r0ZgaMt,2019-05-12,808203,42400,,
Julia Sheer,4jHWpUyRI2rzJVimtasEBF,2019-05-12,,,,
The Mayries,38SWPOPO1YqxUPnT4AAoID,2019-05-12,,,,
Jasmine Thompson,2TL8gYTNgD6nXkyuUdDrMg,2019-05-12,4033753,125783,564506,
I'm With Her,3oXddLOOjkoUuC2sX1RMdr,2019-05-12,934557,,,
Nelly Furtado,2jw70GZXlAI8QzWeY2bgRc,2019-05-12,6075605,3201012,136382,
Overcoats,2pst3pDewxsl4kJERuDZpp,2019-05-12,485544,2336,16075,
Trampled by Turtles,3GjVVVcFmUgEJEAAsbGkf4,2019-05-12,,44285,39669,
Bahamas,4C50EbCS11M0VbGyH3OfLt,2019-05-12,2578947,20361,33010,
Noah Guthrie,6b0Wy4mw8ePj9w2EX3s4V3,2019-05-12,613769,,,
The Staves,5G49Sq5mMzAkGL4ZP6eVPY,2019-05-12,987606,34833,61470,
Us The Duo,3QGKsAfhZdldQCLuLjk6zl,2019-05-12,1061239,209241,951251,
MisterWives,5ivCbtrcD5N4rD337xIb2z,2019-05-12,,48048,,
Boyce Avenue,7CQwac16i1W5ej8YpuL3dv,2019-05-12,3980104,481457,402423,
First Aid Kit,21egYD1eInY6bGFcniCRT1,2019-05-12,2643780,138336,189970,
Rosie Carney,3Aut8hgiqZSy2qmJluZMU9,2019-05-12,2088530,,5923,
The Civil Wars,6J7rw7NELJUCThPbAfyLIE,2019-05-12,1840438,193516,,
The Hound + The Fox,6KxrjoB8dMcRC295reb2Us,2019-05-12,,,,
Daniela Andrade,0WfaItAbs4vlgIA1cuqGtJ,2019-05-12,,43118,1368,
Lisa Mitchell,53f2OKMfVLTsHFkGyA5dnz,2019-05-12,478460,18266,29192,
Lucius,1WrqUPWlHN5FXCRcQgrkas,2019-05-12,,22641,,
Sarah Jarosz,6nFBonVf7Lqaj05R0v5VGJ,2019-05-12,834240,24220,33078,
Colin & Caroline,2Y4125mDrgQyPD7dt76Rtm,2019-05-12,,,,
Branches,6sMpWUXJNv5pPggHyvqKw2,2019-05-12,,1888,,
Ysabelle Cuevas,323nxrsc0C5JSsmlN2srN8,2019-05-12,,,,
The Sweeplings,3fTedgf4fh8D3s41dP0HWt,2019-05-12,1061572,2314,8836,
Odina,2D0wm8aDnVrcljPwg2GM75,2019-05-12,240524,,1761,
Joy Williams,4TCXgdDPm10ensLNCVnIYa,2019-05-12,2151823,99301,,
Freedom Fry,195hFqaTDENqLCcG8uGtM7,2019-05-12,,4282,6689,
The Ballroom Thieves,7kZBQcHbD4IKKEJIMnrRWC,2019-05-12,1535315,3465,,
SOAK,4PLsMEk2DCRVlVL2a9aZAv,2019-05-12,794674,19379,,
Anna Elizabeth Laube,6O0rWDT0LuZk9Cpe45kbcx,2019-05-12,214661,,,
Madilyn Bailey,07r7OPIALkj6Icaoj4Kf5l,2019-05-12,1585946,194395,683024,
Joseph & Maia,2dXGyySsUY7yYzCfMf6OSZ,2019-05-12,,,,
Erato,72T7KgrFiMTgXRWxfuDn5o,2019-05-12,347326,,483,
Zella Day,100sLnojEpcadRx4edEBA6,2019-05-12,949566,46978,132195,
James TW,0B3N0ZINFWvizfa8bKiz4v,2019-05-12,9102161,60415,141904,
Taylor Swift,06HL4z0CvFAxyc27GXpf02,2019-05-12,35127907,83345051,117530375,1082890
Fitz and The Tantrums,4AcHt3JxKy59IX7JNNlZn4,2019-05-12,3403720,,55704,
X Ambassadors,3NPpFNZtSTHheNBaWC82rB,2019-05-12,8652902,103034,130670,
Lennon & Maisy,720fJ5sGqAOhvU2IUypqIr,2019-05-12,,227128,,
Alex Cornell,2zVCLRV59G7nPOoKxj4xyY,2019-05-12,,,,
Jaclyn Davies,5MKHjGZGjZ7mZV0JPs9iot,2019-05-12,,,7996,
Walk Off the Earth,6jEiUoyyJNPHzSR0Nib6HX,2019-05-12,1802364,195698,282550,
Anthem Lights,7kwEvDE8e7EBGKh5bLczqQ,2019-05-12,1552593,,,
Nicole Cross,3YrM00mKs7wqOtBPmeSoEo,2019-05-12,337676,4971,28132,
Landon Austin,2WROyFfIOmKtRopsTrIL52,2019-05-12,,29963,,
Canyon City,6TdfKQvrdHZdr4DIzjuWOr,2019-05-12,,,3662,
James Vincent McMorrow,7FDlvgcodNfC0IBdWevl4u,2019-05-12,2600052,50152,30304,
Gavin James,25tMQOrIU4LlUo6Sv8v5SE,2019-05-12,7812035,55942,109331,
Nashville Cast,2NvmDZar6FF2CICK1yBS4I,2019-05-12,,,144268,
Obadiah Parker,3Kji8hBU9Tqea6pAWRwagQ,2019-05-12,,1002,,
Xavier Dunn,1JmAXAbenjeUV9rTxyI9ZZ,2019-05-12,254174,676,7136,
Emily Hackett,4dTcd3R8sIuVhoOlqgqr0V,2019-05-12,177054,,5697,
Jess Delgado,7rkZ1O9S0fLbpWMQApubz5,2019-05-12,,,,
Kishi Bashi,3LVPGE5jPPwtbGslx07YR0,2019-05-12,,12328,,
Josh Golden,0KkbcLeIV6qDA1IDFJgiV2,2019-05-12,,127,,
William Singe,5exS0bytCYdixgv02DaCm3,2019-05-12,1375552,,1209380,
Joanna Wang,1km0aro5NJuoX5dE0Mub5C,2019-05-12,,22,,
Hearts & Colors,3wjsrpfO6odEphTZWx45RQ,2019-05-12,2313390,,454340,
William Fitzsimmons,41FEVJCBGidsJwbjq0KfgM,2019-05-12,952654,20033,14018,
Savannah Outen,0FcC38n7nTB9YS1xhFOKDX,2019-05-12,,88555,,
alt-J,3XHO7cRUPCLOr6jwp8vsx5,2019-05-12,4669840,502026,300091,
Jack and White,2U5RgZDZdAR13tX6yivvRy,2019-05-12,,,,
Taken By Trees,0Xn4iSM6rXebCl4Ub50RFN,2019-05-12,,1577,,
Cam,5WRElKaZsn1tGnrgmJVAeO,2019-05-12,1798706,201200,245330,
Tom Speight,02U4dXZhGSo07f66l8JZ91,2019-05-12,1707807,4223,7259,
Graeme James,09b4q9Vfmuvxb8LuOrhp7W,2019-05-12,404220,126,2066,
Anchor + Bell,1mjqymUKo7KbLtvfYD386t,2019-05-12,,,,
Passenger,0gadJ2b9A4SKsB1RFkBb66,2019-05-12,9009890,449074,404638,
Wallis Bird,0aogyPVqx5tlIkR0BHAehX,2019-05-12,,5925,,
Yuna,3kHVioJpVxlazAAKQ64pC1,2019-05-12,1313012,2439264,,68668
Less Is More,2scCthfq8kpZS50gb8koTD,2019-05-12,,,,
The Wind and The Wave,5GMZzcgmUwopsHBB7TyCsy,2019-05-12,,4791,6540,
Jamie McDell,44MWRwByQXnNT4PwguMPIH,2019-06-30,27611,23885,33184,
Molly Parden,5dUUxJQg27XaHdKyLYwNg5,2019-06-30,,1998,,
Leah Blevins,1cpkiJukYGm0dr7Fm9HpNW,2019-06-30,,,,
Natasha Bedingfield,7o95ZoZt5ZYn31e9z1Hc0a,2019-05-12,4633278,344315,134626,
Jason Derulo,07YZf4WDAMNwqr4jfgOZ8y,2019-05-12,20366930,3892576,4744330,
Destiny's Child,1Y8cdNmUJH7yBTd9yOvr5i,2019-05-12,,,208322,
Iyaz,5tKXB9uuebKE34yowVaU3C,2019-05-12,,163360,,
JoJo,5xuNBZoM7z1Vv8IQ6uM0p6,2019-05-12,2456921,774715,1315901,
Ne-Yo,21E3waRsmPlU7jZsS13rcj,2019-05-12,10573888,6785360,3086097,
Avril Lavigne,0p4nmQO2msCgU4IF37Wi3j,2019-05-12,10904763,21680863,6925677,
Alicia Keys,3DiDSECUqqY1AuBP8qtaIa,2019-05-12,15453684,30030833,15814441,
The Script,3AQRLZ9PuTAozP28Skbq8V,2019-05-12,11618937,2077303,594088,
Beyoncé,6vWDO969PvNqNYHIOW5v0m,2019-05-12,30899365,14986716,127772508,152157
Mike Posner,2KsP6tYLJlTBvSUxnwlVWa,2019-05-12,8837685,606312,406569,
Rihanna,5pKCCKE2ajJHZ9KAiaK11H,2019-05-12,31978414,90869060,70594898,562695
Britney Spears,26dSoYclwsYLMAKD3tpOr4,2019-05-12,12863228,56342448,21754560,
Bruno Mars,0du5cEVh5yTK9QJze8zA0C,2019-05-12,34925986,42813138,22015256,29480
Leona Lewis,5lKZWd6HiSCLfnDGrq9RAm,2019-05-12,7868086,1218067,558314,
Atomic Kitten,6JMHws5haIO6V35YNYDnDw,2019-05-12,,49620,,
Kelly Clarkson,3BmGtnKgCSGYIUhmivXKWX,2019-05-12,11841927,,4160233,
Gareth Gates,4nNwfeVaNJlfz8RdCT5MJO,2019-05-12,,97050,,
Cascada,0N0d3kjwdY2h7UVuTdJGfp,2019-05-12,4348182,103250,,
David Archuleta,2C9n4tQgNLhHPhSCmdsQnk,2019-05-12,,1234688,,
Shakira,0EmeFodog0BfCgMzAIvKQp,2019-05-12,20447455,51132170,56530080,4076
Estelle,5T0MSzX9RC5NA6gAI6irSn,2019-05-12,3595017,824061,330246,
The Killers,0C0XlULifJtAgn6ZNCW2eu,2019-05-12,12404336,5036503,833433,
Vanessa Carlton,5ILrArfIV0tMURcHJN8Q07,2019-05-12,,49565,,
Agnes,6SsTlCsuCYleNza6xGwynu,2019-05-12,,,,
Taio Cruz,6MF9fzBmfXghAz953czmBC,2019-05-12,,1946750,,
Soulja Boy,6GMYJwaziB4ekv1Y6wCDWS,2019-05-12,5740506,,5976044,
Lady Gaga,1HY2Jd0NmPuamShAr6KMms,2019-05-12,32949489,,,1898660
The All-American Rejects,3vAaWhdBR38Q02ohXqaNHT,2019-05-12,,,,
Justin Timberlake,31TPClRtHm23RisEBtV3X7,2019-05-12,18256974,64904317,55323960,
Artful Dodger,4L8MIM7AXmq6jb0tRix4JT,2019-05-12,,,,
Akon,0z4gvV4rjIZ9wHck67ucSV,2019-05-12,8216926,6386997,5874391,
Sean Kingston,6S0dmVVn4udvppDhZIWxCr,2019-05-12,7697474,3141771,1126591,
Christina Aguilera,1l7ZsJRRS8wlW3WfJfPfNS,2019-05-12,13453859,16975639,5980716,
Fergie,3r17AfJCCUqC9Lf0OAc73G,2019-05-12,7660303,4009651,4870741,
*NSYNC,6Ff53KvcvAj5U7Z1vojB5o,2019-05-12,6517008,259062,233190,
Panic! At The Disco,20JZFwl6HVl6yg8a4H3ZqK,2019-05-12,24145326,3081918,5043358,
Wheatus,4mYFgEjpQT4IKOrjOUKyXu,2019-05-12,,95681,,
Fall Out Boy,4UXqAaa6dQYAk18Lv7PEgX,2019-05-12,18439184,3234433,3087538,
Katy Perry,6jJ0s89eD6GaHleKKya26X,2019-05-12,25436172,107342035,80907167,6609510
Ja Rule,1J2VVASYAamtQ3Bt8wGgA6,2019-05-12,4309757,228889,,
Owl City,07QEuhtrNmmZ0zEcqE9SF6,2019-05-12,,1134535,,
Kanye West,5K4W6rqBFWDnAN6FQUkS6x,2019-05-12,26975718,29271625,,
David Guetta,1Cs0zKBU1kc0i8ypK3B9ai,2019-05-12,36481283,21374326,8430757,6241192
Train,3FUY2gzHeIiaesXtOAdB7A,2019-05-12,11644781,417667,175668,
The Black Eyed Peas,1yxSLGMDHlW21z4YXirZDS,2019-05-12,12448132,4964665,301836,
Sean Paul,3Isy6kedDrgPYoTS1dazA9,2019-05-12,21516541,1304829,984992,22546
P!nk,1KCSPY1glIKqW2TotWuXOR,2019-05-12,26692373,32015646,6154093,587246
Flo Rida,0jnsk9HBra6NMjO2oANoPY,2019-05-12,13985281,5209102,770843,
Adele,4dpARuHxo51G3z768sgnrY,2019-05-12,19291737,27771653,31829783,
Daft Punk,4tZwfgrHOc3mvqYlEYSvVi,2019-05-12,9333722,,389070,
Joe,3zTOe1BtyTkwNvYZOxXktX,2019-05-12,2102377,70151,,
Maroon 5,04gDigrS5kc9YWfZHwBETP,2019-05-12,32680654,14743219,7296878,689150
Kesha,6LqNN22kT3074XbTVUrhzX,2019-05-12,10359960,,2927934,
Miley Cyrus,5YGY8feqx7naU7z4HrwZM6,2019-05-12,22576504,42471641,92795384,
Kings of Leon,2qk9voo8llSGYcZ6xrBzKx,2019-05-12,8838329,617426,576200,
Adam Lambert,6prmLEyn4LfHlD9NnXWlf7,2019-05-12,2089711,2479554,1364401,
Pitbull,0TnOYISbd1XYRBk9myaseg,2019-05-12,17864175,26135218,7572470,
B2K,51d3rUlLuMh7EW09aMe7yj,2019-05-12,1995690,,42136,
Jamelia,3f5W9NEwkc1SAIPFuumcaf,2019-05-12,,42828,59322,
50 Cent,3q7HBObVc0L8jNeTe5Gofh,2019-05-12,,10318518,,
Jordin Sparks,2AQjGvtT0pFYfxR3neFcvz,2019-05-12,,3846630,,
Jason Mraz,4phGZZrJZRo4ElhRtViYdl,2019-05-12,13806633,5699708,1383321,
Usher,23zg3TcAtWQy7J6upgbUnj,2019-05-12,13849946,12363929,8244742,
Eric Prydz,5sm0jQ1mq0dusiLtDJ2b4R,2019-05-12,3180972,926240,360692,
Plain White T's,1g1yxsNVPhMUl9GrMjEb2o,2019-05-12,5587166,,31503,
Daddy Yankee,4VMYDCV2IEDYJArk749S6m,2019-05-12,40079222,11903183,28066600,13229475
Eminem,7dGJo4pcD2V6oG8kP0tJRR,2019-05-12,28811542,22560715,,4057928
Jagged Edge,7Aq8lpLMSt1Zxu56pe9bmp,2019-05-12,2172872,148147,,
Chingy,3s2wTjWxK8NOX09dmsvVOh,2019-05-12,,78271,,
Robyn,6UE7nl9mha6s8z0wFQFIZ2,2019-05-12,3497383,371416,255494,
Madonna,6tbjWDEIzxoDsBA1FuhfPW,2019-05-12,13326334,2430095,13670955,
Nickelback,6deZN1bslXzeGvOLaLMOIF,2019-05-12,7560210,747544,654352,
Nelly,2gBjLmx6zQnFGQJCAQpRgw,2019-05-12,9470776,3896835,,
Mario,20s0P9QLxGqKuCsGwFsp7w,2019-05-19,,220,812371,
Ciara,2NdeV5rLm47xAvogXrYhJX,2019-05-19,7945718,11089696,,
Sugababes,7rZNSLWMjTbwdLNskFbzFf,2019-05-19,,,,
Colbie Caillat,6aZyMrc4doVtZyKNilOmwu,2019-05-19,,317832,224888,
Sara Bareilles,2Sqr0DXoaYABbjBo9HaMkM,2019-05-19,,3020412,,
Shontelle,4M6Z1wubeKtwPqbjJygTOc,2019-05-19,,91041,,
Nelly Furtado,2jw70GZXlAI8QzWeY2bgRc,2019-05-19,,3198284,,
Michael Bublé,1GxkXlMwML1oSg5eLPiAz3,2019-05-19,7141108,2308525,,
The Pussycat Dolls,6wPhSqRtPu1UhRCDX5yaDJ,2019-05-19,5950155,19267,,
Gwen Stefani,4yiQZ8tQPux8cPriYMWUFP,2019-05-19,,2761671,,395726
Corinne Bailey Rae,29WzbAQtDnBJF09es0uddn,2019-05-19,,83196,,62286
Daniel Powter,7xTcuBOIAAIGDOSvwYFPzk,2019-05-19,,4634,,
Keri Hilson,63wjoROpeh5f11Qm93UiJ1,2019-05-19,,4304673,,
Blue,2yEkZBBjhzKzt6LF5XMaFi,2019-05-19,,153336,,
Shaggy,5EvFsr3kj42KNv97ZEnqij,2019-05-26,,121938,435941,
T.I.,4OBJLual30L7gRl5UkeRcT,2019-06-09,8018781,8655496,10464333,
Dixie Chicks,25IG9fa7cbdmCIy3OnuH57,2019-06-23,,587032,,
Daniel Bedingfield,11hIqBsGRPztdjBHCSLClX,2019-06-23,1259278,36945,,
Coldplay,4gzpq5DPGxSnKTe4SA8HAU,2019-06-23,28051564,23755971,10199398,
OutKast,1G9G7WwrXka3Z1r7aIDjI7,2019-06-23,10327416,91919,168566,
Snow Patrol,3rIZMv9rysU7JkLzEaC5Jp,2019-06-23,6509574,227157,153029,
Uncle Kracker,2DnqqkzzDKm3vAoyHtn8So,2019-06-23,2879357,81811,,
Foster The People,7gP3bB2nilZXLfPHJhMdvc,2019-06-23,9813157,989869,473536,
Blu Cantrell,6vytZ677lz4LzCrUDcDokM,2019-06-23,,,1416,
Linkin Park,6XyY86QOPPrYVGvF9ch6wz,2019-06-23,16221710,6112918,5219271,
CeeLo Green,5nLYd9ST4Cnwy6NHaCxbj8,2019-06-23,3121418,1648904,304001,
Jennifer Lopez,2DlGxzQSjYe5N6G9nkYghR,2019-06-23,13205661,43660331,95258536,
Michelle Branch,5rScKX1Sh1U67meeUyTGwk,2019-06-23,1454155,265686,,
The Veronicas,1dIdBZaaHRW2bDTkHNfWln,2019-06-23,1843207,140002,118680,
Fat Joe,3ScY9CQxNLQei8Umvpx5g6,2019-06-23,,856621,,
Baby Bash,12PSlydMSjEHzSCj9X5qv7,2019-06-23,3092004,246395,352809,
Mary Mary,12Kgt2eahvxNWhD5PnSUde,2019-06-23,713015,566942,,
James Blunt,7KMqksf0UMdyA0UCf4R3ux,2019-06-23,8813978,1823009,480264,841638
John Mayer,0hEurMDQu99nJRq8pTxO14,2019-06-23,14952541,1468018,,
JAY Z,3nFkdlSjzX9mRTtwJOzDYB,2019-07-21,,3159159,33319,690120
Florence + The Machine,1moxjboGR7GNWYIMWsRjgG,2019-07-21,,1087429,1787333,360289
Muse,12Chz98pHFMPJEknJQMWvI,2019-07-21,,2665833,1667806,857295
Ronan Keating,3nlHsNqwCSvT988ZfSW1Yh,2019-07-21,2762632,514918,302636,2976
The Shins,4LG4Bs1Gadht7TCrMytQUO,2019-07-21,,57427,70836,
The Coral,6OiHleP2bHM18dXq4aZQWt,2019-07-21,1076203,27563,,7353
Amy Winehouse,6Q192DXotxtaysaqNPy5yR,2019-07-21,,547298,20919,
Reamonn,4VH2QabEORUUhN1F1cYQ6N,2019-07-21,300442,,,27675
Red Hot Chili Peppers,0L8ExT028jH3ddEcZwqJJ5,2019-07-21,,,3216995,2772614
Empire of the Sun,67hb7towEyKvt5Z8Bx306c,2019-07-21,,65055,60045,222360
La Roux,3K2zB87GZv1krx031en5VA,2019-07-21,1840565,83986,30604,48893
No Doubt,0cQbJU1aAzvbEmTuljWLlF,2019-07-21,,557102,314994,699
Angie Stone,2hWr3AjjKOCVmWcwvuT4uM,2019-07-21,834121,78724,,
The Ark,73ib5ljBj2xAIR7R3hTwF4,2019-07-21,307651,,1787,2702
Bomfunk MC's,0NeC6ploeJUq8oDwYQjNPS,2019-07-21,815783,,,115870
José González,6xrCU6zdcSTsG2hLrojpmI,2019-07-21,,26279,54571,25155
Dido,2mpeljBig2IXLXRAFO9AAs,2019-07-21,,119084,148197,70400
Vampire Weekend,5BvJzeQpmsdsFp4HGUYUEx,2019-07-21,,322615,,
The Fray,0zOcE3mg9nS6l3yxt1Y0bK,2019-07-21,7156872,351240,108486,774
Missy Elliott,2wIVse2owClT7go1WT98tk,2019-07-21,,6650193,3009375,
O-Zone,5M5PjPSiKeXynM6Ohu350r,2019-07-21,1465534,,,
Lily Allen,13saZpZnCDWOI9D4IJhp1f,2019-07-21,,5530111,1307664,424
Robin Thicke,0ZrpamOxcZybMHGg1AYtHP,2019-07-21,,1080865,624338,
Miike Snow,4l1cKWYW591xnwEGxpUg3J,2019-07-21,,71847,20974,40073
Peter Bjorn and John,6u11Qbko2N2hP4lTBYjX86,2019-07-21,,59696,12063,
Craig David,2JyWXPbkqI5ZJa3gwqVa0c,2019-07-21,,407527,557492,986
Jack Johnson,3GBPw9NK25X1Wt2OUvOwY3,2019-07-21,8213194,355664,641507,192682
Cold War Kids,6VDdCwrBM4qQaGxoAyxyJC,2019-07-21,,50719,43349,28617
MGMT,0SwO7SWeDHJijQ3XNS7xEE,2019-07-21,,403658,252186,206075
Rise Against,6Wr3hh341P84m3EI8qdn9O,2019-07-21,4884286,343853,334963,
The Strokes,0epOFNiUfyON9EYx7Tpr6V,2019-07-21,5879289,611282,688640,371252
Lykke Li,6oBm8HB0yfrIc9IHbxs6in,2019-07-21,,122313,346170,
Kings of Convenience,41AbNVba2ccpmcc9QtOJE7,2019-07-21,,15517,,5862
Gossip,3sFTupo9UGgrujjN21BjwR,2019-07-21,,33414,,
Mary J. Blige,1XkoF8ryArs86LZvFOkbyr,2019-07-21,,6034306,3949933,
The Kooks,1GLtl8uqKmnyCWxHmw9tL4,2019-07-21,5163758,312879,293559,141850
The Libertines,4fSPtBgFPZzygkY6MehwQ7,2019-07-21,,76618,86128,13367
Lupe Fiasco,01QTIT5P1pFP3QnnFSdsJf,2019-07-21,,1277644,456021,441
John Legend,5y2Xq6xcjJb2jVM54GHK3t,2019-07-21,,12788164,10745199,5686
Busta Rhymes,1YfEcTuGvBQ8xSD1f53UnK,2019-07-21,6327278,3708557,1914228,
Sia,5WUlDfRSoLAfcVSX1WnrxN,2019-07-21,,3812295,5153215,
The Whitest Boy Alive,1qcU8NabUQ5efQf8UGW6CV,2019-07-21,,,,1938
Travis,3bUwxJgNakzYKkqAVgZLlh,2019-07-21,,41298,36927,2556571
Aqua,6kBjAFKyd0he7LiA5GQ3Gz,2019-07-21,,4556,38944,580186
Duffy,37NqXwtb6nIEqRt4EJSoIO,2019-07-21,,679,21085,40418
Melanie C,60vX3zLcdKRXvKLITVh5Df,2019-07-21,522925,621701,685950,12527
Seether,6B5c4sch27tWHAGdarpPaW,2019-07-21,,275284,255886,
Joss Stone,7bvcQXJHkFiN1ppIN3q4fi,2019-07-28,1161578,158380,282399,25102
Murphy Lee,07W0YfsvHM7Mw7Bq48Mb0A,2019-07-28,,,66214,42137
Keane,53A0W3U0s8diEn9RhXQhVz,2019-07-28,5365318,209396,99010,524242
Sum 41,0qT79UgT5tY4yudH9VfsdT,2019-07-28,5737974,377035,491756,319195
Gorillaz,3AA28KZvwAUcZuOKwyblJQ,2019-07-28,8541390,796193,,1663880
Band of Horses,0OdUWJ0sBjDrqHygGUXeCF,2019-07-28,2349297,210552,108219,37598
Kula Shaker,6bGcpvHbRHg8s0wiNyIZK1,2019-07-28,,,6893,
Kid Rock,7dOBabd5O4CvKrg4iriHTM,2019-07-28,4961831,591762,518981,662275
Foo Fighters,7jy3rLJdDQY21OgRLCZ9sD,2019-07-28,10687956,3061543,3470198,584483
The Sounds,0W2XAE5AnBWqcGNhfupEOU,2019-07-28,,27133,13445,2741
Yeah Yeah Yeahs,3TNt4aUIxgfy9aoaft5Jj2,2019-07-28,,,140890,189647
Joshua Radin,7omzannyG2lfDqP5xyZo34,2019-07-28,1013951,67514,65299,7301
Sade,47zz7sob9NUcODy0BTDvKx,2019-07-28,3159426,154945,279531,21289
System Of A Down,5eAWCfyUhZtHHtBdNk56l1,2019-07-28,8143085,1390750,1846733,1837992
Jamiroquai,6J7biCazzYhU3gM9j1wfid,2019-07-28,3022495,32700,216456,
Papa Roach,4RddZ3iHvSpGV4dvATac9X,2019-07-28,7243010,592234,810241,
Creed,43sZBwHjahUvgbx1WNIkIz,2019-07-28,3061037,94121,,1324677
Phantom Planet,0LsTFjEB1IIrh7IlTxs1GY,2019-07-28,,,4495,10348
The Shapeshifters,60FV7KyxIH9FH1uq7u8inP,2019-07-28,,30458,,
Bloc Party,3MM8mtgFzaEJsqbjZBSsHJ,2019-07-28,2086012,123017,45479,
Wyclef Jean,7aBzpmFXB4WWpPl2F7RjBe,2019-07-28,,,557693,
Franz Ferdinand,0XNa1vTidXlvJ2gHSsRi4A,2019-07-28,4117949,267421,171133,
3 Doors Down,2RTUTCvo6onsAnheUk3aL9,2019-07-28,6370578,232714,169666,580273
James Morrison,3LpLGlgRS1IKPPwElnpW35,2019-07-28,3596528,130059,62103,81528
Lil Wayne,55Aa2cqylxrFIXC767Z865,2019-07-28,19428990,34330677,10424484,2191701
The Temper Trap,4W48hZAnAHVOC2c8WH8pcq,2019-07-28,3099434,80002,34728,237
Basement Jaxx,4YrKBkKSVeqDamzBPWVnSJ,2019-07-28,1610552,34338,20869,24611
Amy Macdonald,1hJuGCUpefX24GFmss9bjH,2019-07-28,1281614,129386,79188,148
Mando Diao,5I4eibDkC7gg0hmczTZuND,2019-08-04,,16158,19267,9511
Titiyo,2s5enJCtVBAAdWD94jOIbM,2019-08-04,208815,,11678,
Darude,0LhHRmSd1EYM5QdNeNnCoQ,2019-08-04,,24698,,112729
Enrique Iglesias,7qG3b048QCHVRO5Pv1T5lw,2019-08-04,,14235523,14516568,13833
Juanes,0UWZUmn7sybxMCqrw9tGa7,2019-08-04,9740212,11613565,3624615,
blink-182,6FBDaR13swtiWwGhX1WQsP,2019-08-04,11088687,1637398,1807506,
Eve,4d3yvTptO48nOYTPBcPFZC,2019-08-04,,,1940659,
Gnarls Barkley,5SbkVQYYzlw1kte75QIabH,2019-08-04,,,,255520
U2,51Blml2LZPmy7TTiAg47vQ,2019-08-04,12821279,1583154,,
All Saints,5TDVKqW9uhqGjwwwKGuma4,2019-08-04,,,730250,23593
Röyksopp,5nPOO9iTcrs9k6yFffPxjH,2019-08-04,1589141,65601,,
Robbie Williams,2HcwFjNelS49kFbfvMxQYw,2019-08-04,7137420,2578696,1953940,1238
Justice,1gR0gsQYfi6joyO1dlp76N,2019-08-04,2001097,2011,157703,53726
Gavin DeGraw,5DYAABs8rkY9VhwtENoQCz,2019-08-04,,403021,,47762
Edward Sharpe & The Magnetic Zeros,7giUHu5pv6YTZgSkxxCcgh,2019-08-04,,,56962,
Eliza Doolittle,14L5rpGTLVUz1pD8fUeJB1,2019-08-04,,145924,87128,2897
Puddle Of Mudd,3dXaa6jwM7B52GZpaJEIr5,2019-08-04,,54916,,
Default,4nCzT3o7lMgCWBcmdwCMsT,2019-08-04,,,,9599
Fleet Foxes,4EVpmkEwrLYEg6jIsiPMIb,2019-08-04,2702490,315,69022,25020
Michael Jackson,3fMbdgg4jU18AjLCKBhRSm,2019-08-04,22200357,2198704,3369276,4943957
Queens of the Stone Age,4pejUc4iciQfgdX6OKulQn,2019-08-04,4568284,267777,,136914
Klaxons,2qlAMLpUyBjZgnzuFXXZXI,2019-08-04,,23580,7630,3372
Stromae,5j4HeCoUlzhfWtjAfM1acR,2019-08-04,3956905,2313027,,
Khalid,6LuN9FCkKOj5PcnpouEgny,2019-05-12,49685978,3141367,6296404,9645442
Summer Walker,57LYzLEk2LcFghVwuWbcuS,2019-05-12,4556033,,,
Mary J. Blige,1XkoF8ryArs86LZvFOkbyr,2019-05-12,4487478,6032588,3828736,
Jhene Aiko,5ZS223C6JyBfXasXxrRqOk,2019-05-12,4716850,,7235891,
Ella Mai,7HkdQ0gt53LP4zmHsL0nap,2019-05-12,7444851,513576,,1584
Ncredible Gang,03pGcGiCNzt8NNcmxrIYSG,2019-05-12,1016010,,45550,
Cardi B,4kYSro6naA4h99UJvo89HB,2019-05-12,26508879,,,2582225
Jessie Reyez,3KedxarmBCyFBevnqQHy3P,2019-05-12,14104876,,1246911,
Ari Lennox,1vaQ6v3pOFxAIrFoPrAcom,2019-05-12,2841955,,,
Ciara,2NdeV5rLm47xAvogXrYhJX,2019-05-12,7562011,11082422,22161299,
H.E.R.,3Y7RZ31TRPVadSFVy1o8os,2019-05-12,8280650,,2113916,
Normani,2cWZOOzeOm4WmBJRnD5R7I,2019-05-12,21982706,,4080542,
Pink Sweat$,1W7FNibLa0O0b572tB2w7t,2019-05-12,3957951,,230710,
Kiana Ledé,7jZMxhsB8djyIbYmoiJSTs,2019-05-12,3693161,79868,513249,
Trey Songz,2iojnBLj0qIMiKPvVhLnsH,2019-05-12,,13890424,,
Asiahn,1mKtlPrXjWK6oIdk9cSOjs,2019-05-12,531084,27,78396,
Tank,4mwXUEKaW4ftbncf9Hi58l,2019-05-12,,583722,,
Jacquees,4tMm1dU6Gn04VAZ9ClHcIZ,2019-05-12,4890418,530815,4052413,
Teyana Taylor,4ULO7IGI3M2bo0Ap7B9h8a,2019-05-12,2389383,1202060,,
Anderson .Paak,3jK9MiCrA42lLAdMGUZpwa,2019-05-12,7258563,424801,1255952,
Kehlani,0cGUm45nv7Z6M6qdXYQGTX,2019-05-12,14068581,935774,7671710,
Chris Brown,7bXgB6jMjp9ATFy66eO08Z,2019-05-12,25656169,30236842,53257926,203170
Lucky Daye,5Vuvs6Py2JRU7WiFDVsI7J,2019-05-12,1072745,,41495,
Daniel Caesar,20wkVLutqVOYrc0kxFs7rA,2019-05-12,5959681,,1030323,
6LACK,4IVAbR2w4JJNJDDRFP3E83,2019-05-12,12165924,712022,,
Solange,2auiVi8sUZo17dLy1HwrTU,2019-05-12,2732096,,4010715,
Jorja Smith,1CoZyIx7UvdxT5c8UkMzHd,2019-05-12,4972672,289259,2094636,
Rico Love,2GEcMpeGIad5O23WxDRFMn,2019-05-12,,200175,,
Eric Bellinger,7ibAWtDtmEfaVhc1FJ3Vl9,2019-05-12,2665178,76265,703685,
Leven Kali,5YZ5AExR68U3ZblH6HcO6B,2019-05-12,,3891,,
Tory Lanez,2jku7tDXc6XoB6MO2hFuqg,2019-05-12,12896735,1613989,,
Mike WiLL Made-It,0NWbwDZY1VkRqFafuQm6wk,2019-05-12,6776389,761993,2068480,
DJ Khaled,0QHgL1lAIqAw0HtD7YldmP,2019-05-19,18398576,4480704,,
Ty Dolla $ign,7c0XG5cIJTrrAgEC3ULPiq,2019-05-26,,1553155,,
Rotimi,1xBARhKI09ZTmeePVDWMCf,2019-06-09,,68144,,
Raphael Saadiq,6g0Wah2YFtb1rFgKhUktlo,2019-07-07,987806,171057,,29448
Dreamville,1iNqsUDUraNWrj00bqssQG,2019-07-07,4872127,,971218,
BJ The Chicago Kid,07d5etnpjriczFBB8pxmRe,2019-07-28,2189943,58292,172773,66654
DaVido,0Y3agQaa6g2r0YmHPOO9rh,2019-08-04,2271676,5064846,11965183,1922
Blue Ivy,3XV0lFzNs8BCTwhJTcMiBr,2019-08-11,,,158764,
Quality Control,6i392l38cR3uBPF0DbNs7S,2019-08-11,7838737,,,853098
11:11,5gsyao2Qm21EKylbVIuRQ3,2019-08-18,723219,7525,28997,
Majid Jordan,4HzKw8XcD0piJmDrrPRCYk,2019-08-18,4341376,305872,,72712
Missy Elliott,2wIVse2owClT7go1WT98tk,2019-08-25,,,,461347
PJ Morton,2FMOHE79X98yptp4RpPrt7,2019-08-25,891905,139307,,
The Bonfyre,4oIGrMYn1N1xPNYVXcaEZJ,2019-08-25,596469,,24250,
Lunay,47MpMsUfWtgyIIBEFOr4FE,2019-05-12,8400240,,,
Nicky Jam,1SupJlEpv7RS2tPNRaHViT,2019-05-12,25177233,2356168,29904530,11287800
DJ Luian,64aJYyrXljOodnUG6jvhRD,2019-05-12,,,,
Dalex,0KPX4Ucy9dk82uj4GpKesn,2019-05-12,12012528,,368743,5939157
Ozuna,1i8SpTcr7yvPOmcqrbnVXY,2019-05-12,34923261,76589,,15924543
Karol G,790FomKkXshlbRYZFtlgla,2019-05-12,18579463,,16644884,12912100
Maluma,1r4hJ1h58CWwUQe3MxPuau,2019-05-12,26813870,5833155,42000220,14457947
Manuel Turizo,0tmwSHipWxN12fsoLcFU3B,2019-05-12,15194133,,6598752,
Luis Fonsi,4V8Sr092TqfHkfAA5fXXqG,2019-05-12,22237050,9405192,8524291,744158
Wisin & Yandel,1wZtkThiXbVNtj6hee6dz9,2019-05-12,,4793336,,
Sech,77ziqFxp5gaInVrF2lj4ht,2019-05-12,8601941,,1424878,
Paulo Londra,3vQ0GE3mI0dAaxIMYe5g7z,2019-05-12,15689081,,,6058256
Brytiago,00XhexlJEXQstHimpZN910,2019-05-12,10448715,233193,3396954,
Maffio,5RzT7CM6Ot0sh0EHefMicV,2019-05-12,,66554,,
Anuel Aa,2R21vXR83lH98kGeO99Y66,2019-05-12,21902449,,15035985,14866134
Mau y Ricky,2wkoKEfS6dXwThbyTnZWFU,2019-05-12,12187396,,2177481,922118
Farruko,329e4yvIujISKGKz1BZZbO,2019-05-12,33253319,4001092,12717999,22399838
Rauw Alejandro,1mcTU81TzQhprhouKaTkpq,2019-05-12,7316285,,,
Becky G,4obzFoKoKRHIphyHzJ35G3,2019-05-12,19596795,2140873,18124957,1929880
Paloma Mami,7rOlQwf8OuFLFQp4aydjBt,2019-05-12,4531198,,,
Myke Towers,7iK8PXO48WeuP03g8YR51W,2019-05-12,,,,
Noriel,3RtNN1VnooWEn3KQk03DUL,2019-05-12,,,,345830
Piso 21,4bw2Am3p9ji3mYsXNXtQcd,2019-05-12,13661528,298858,2573845,
Yandel,0eHQ9o50hj6ZDNBt6Ys1sD,2019-05-12,8829428,2546458,9906342,
Lyanno,1Ts9of7VPZElwPQnqnDSfW,2019-05-12,,,,
Lalo Ebratt,1GAymyGBvB4gQy5Z5LZ1Wj,2019-05-12,7655950,,270253,
ChocQuibTown,6tkyhGe9hGI3Lcfo4gVh6Z,2019-05-12,5595463,,712923,
Danny Ocean,5H1nN1SzW0qNeUEZvuXjAj,2019-05-12,11127103,,469689,
Reik,0vR2qb8m9WHeZ5ByCbimq2,2019-05-12,14731794,4035158,1649475,3731604
Bad Bunny,4q3ewBCX7sLwd24euuV69X,2019-05-12,30441442,,16761317,9196955
Jhay Cortez,0EFisYRi20PTADoJrifHrz,2019-05-12,3028136,,321810,
Nio Garcia,5hdhHgpxyniooUiQVaPxQ0,2019-05-12,8426242,,956851,
Justin Quiles,14zUHaJZo1mnYtn6IBRaRP,2019-05-12,9224360,,3534476,2719394
J Balvin,1vyhD5VmyZ7KMfW5gqLgo5,2019-05-12,48111215,6143339,28933920,19653804
Fuego,7wU2WGCJ8HxkekHHE2QLul,2019-05-12,4796744,,,
Amenazzy,6kq4GHwUcUojGIu0ziSNXf,2019-05-12,,,,
Natti Natasha,1GDbiv3spRmZ1XdM1jQbT7,2019-05-12,13685096,,13836447,9521448
Kevin Roldan,1RBzGO6Nm3uyhUSxP7EDWO,2019-05-12,6346030,1078816,6055378,
Guaynaa,0BqURncJM5B1BBu7UM51eq,2019-05-12,4812771,,530956,
Luigi 21 Plus,77GVmrLGuxNEvj2ibvT62v,2019-05-12,,,,
Zion & Lennox,21451j1KhjAiaYKflxBjr1,2019-05-19,,1610167,,
Kidd Keo,0VZrPa7mWAYXH4CwmYk8Km,2019-05-19,,118488,1513693,
Greeicy,5dbaLmK5SHLLg8Z4CcTJpX,2019-05-26,,,,
Lary Over,1jSjfSgDjedJdi5MoyRu78,2019-05-26,,7485,4121212,
Reykon,3PAwspMN27PDm81WwXDsMf,2019-06-02,,1499654,,
Casper Magico,1fux65HMCBvfJHqlBc4Nno,2019-06-02,,,,
Chencho Corleone,37230BxxYs9ksS7OkZw3IU,2019-06-02,,,,
"""Tito """"El Bambino""""""",5fJsY7afrbsyzJj9wdzJMh,2019-06-09,3346120,4069805,,
Prince Royce,3MHaV05u0io8fQbZ2XPtlC,2019-06-16,12692170,6517768,11646603,
Wisin,3E6xrwgnVfYCrCs0ePERDz,2019-06-16,,945852,10549207,
Nacho,2ayNSoKPCRAfjp6hQ76hRu,2019-06-23,9968085,,,
Juhn,2LmcxBak1alK1bf7d1beTr,2019-06-23,,82799,,
Mariah,0KKUc4amZyvswV2YL6WTar,2019-06-23,351190,,126710,
Alex Sensation,0OROVBEZCocg0FcgJpyBse,2019-06-30,2695041,305255,,
Ghetto Kids,6XvKTz2XRPwlry0UdjqoKq,2019-06-30,,7350,28755,
Urba y Rome,73Lhk4XucX7BDRL82Zngs5,2019-07-07,,,,
Feid,2LRoIwlKmHjgvigdNGBHNo,2019-07-07,2622920,12904,,
CNCO,0eecdvMrqBftK0M1VKhaF4,2019-07-14,8914352,966758,,2290615
Bryant Myers,6w9ToX5slZ4uIdmD17hJ3c,2019-07-14,5965305,934,,
Almighty,6P6GTRTigHBp8ZesNtpCKH,2019-07-14,2519714,,,
Gente De Zona,2cy1zPcrFcXAJTP0APWewL,2019-07-14,5653634,633251,,4000
R.K.M & Ken-Y,3jFjgKOGfVLWfXX8q5wrsg,2019-07-14,3014330,1282797,,6080
Jd Pantoja,7yjRUA0Iz3VI4Kqa5oPJZK,2019-07-14,1176618,,,
Danny Romero,30HlKUFTsqlFQsPfyv2yuM,2019-07-28,1300591,6334,340920,
Rvfv,2CCgb0KApjfQDuTppovpf8,2019-07-28,,,37565,
Residente,5GcWBUX00IPuWVGMIRK1sS,2019-08-04,,,3518014,
Rafa Pabön,11YLRSsZA3YVuQQtHXKTlz,2019-08-04,,29642,287718,
Abraham Mateo,2bxxlINUlcMQQb39K7IopR,2019-08-04,2177186,2998257,,431118
Cazzu,6w3SkAHYPsQ1bxV7VDlG5y,2019-08-11,3249377,482718,4042158,
Milly,7kXCcNRLEnblbTAppPraBp,2019-08-18,,70,,
Tainy,0GM7qgcRCORpGnfcN2tCiB,2019-08-25,,,297172,
Mati Gómez,23mC5tLCbMk9zqrR2dFtNE,2019-08-25,,,,
Carla Morrison,0XK6kT7xcZAlcYrNjOgzJe,2019-05-12,2358775,1673028,762323,
Alejandro Sanz,5sUrlPAHlS9NEirDB8SEbF,2019-05-12,7819573,19517241,4239188,
Luis Miguel,2nszmSgqreHSdJA3zWPyrW,2019-05-12,,432565,1440954,
Los Claxons,4AgfaZvOiSS97uy5ekQ7bf,2019-05-12,,151847,,
León Larregui,4ClsVDy2g7RKSSlvq8cF6d,2019-05-12,,,,
Jesse & Joy,1mX1TWKpNxDSAH16LgDfiR,2019-05-12,7570447,5309659,2583775,
Maná,7okwEbXzyT2VffBmyQBWLz,2019-05-12,6563282,2756866,1324655,
Griss Romero,36eqG3jM0MhxTR7Cuw7BQA,2019-05-12,,,,
Zeri,1ISG0zSleX4gwbBf4AydB8,2019-05-12,,,,
Alexander Acha,3JkgQ8Jjwt2mkeOsg5yhqh,2019-05-12,,180197,,
Axel,32x1uogH2zajP85pzZAtuE,2019-05-12,1229816,4058977,135095,
Río Roma,2O3v9rCTzLhPFaGaAVgZLt,2019-05-12,3140829,777409,853758,
Ricky Martin,7slfeZO9LsJbWgpkIoXBUJ,2019-05-12,7344692,20387758,12152680,
Layl,3QVCBQQXBRKUDpCpa5smak,2019-05-12,,52621,,
Reyli Barba,69BUYvpG9MbjCyIZfsFdhJ,2019-05-12,2331509,296200,,
Carlos Rivera,39yVoqm6sYFvvqF1RciUVf,2019-05-12,3554943,562984,3305275,
Joss Favela,0EocQPg9ycs21gcvaVm9hh,2019-05-12,,35708,,
Eros Ramazzotti,61J0BktHv7PuP3tjTPYXSX,2019-05-12,2978448,893487,,
Beatriz Luengo,23cijmutocNvhM5xkcyyFF,2019-05-12,,72509,,
Sebastian Yatra,07YUOmWljBTXwIseAUd9TW,2019-05-12,17871853,380144,13609681,8963652
Ricardo Arjona,0h1zs4CTlU9D2QtgPxptUD,2019-05-12,,10512872,,107558
Andrés Cepeda,49Z1AvGeUaBSanPaOmplK6,2019-05-12,1770457,320,1673,
Thalía,23wEWD21D4TPYiJugoXmYb,2019-05-12,,9561932,13356147,
Kalimba,4RjamFQJNT8nVbTKXJDJgv,2019-05-12,2184822,1100722,286116,
Morat,5C4PDR4LnhZTbVnKWXuDKD,2019-05-12,7047346,290840,1127411,
Raquel Sofia,0J9JLJmiTXJFvvyHS3Qzn4,2019-05-12,,11742,,
David Bisbal,5gOJTI4TusSENizxhcG7jB,2019-05-12,4970609,9995146,3270974,
Paulino Monroy,2a15NvJ0ASGPEuWgGCCIJC,2019-05-12,,,,
Marc Anthony,4wLXwxDeWQ8mtUIRPxGiD6,2019-05-12,7941680,11281825,9439113,70515
Manuel Mijares,6ZEPPQlmrtnZAdhfTEM6NY,2019-05-12,,322273,,
Jary Franco,01agtJ7Ob6B8N8jC8QvAJ6,2019-05-12,,,,
Matisse,77aLk6J8ofnVxa1eXK9jiU,2019-05-12,2028190,,,
Alejandro Fernandez,6sq1yF0OZEWA4xoXVKW1L9,2019-05-12,6581481,6826818,1997826,
Cristian Castro,2AZOALDIBORfbzKTuliwdJ,2019-05-12,3819318,,,
Alex Ubago,2tY2GFdhH0Wa2VBvsxew5X,2019-05-12,2048534,422869,,
Chayanne,1JbemQ1fPt2YmSLjAFhPBv,2019-05-12,4330751,9291047,4905547,
Manu Negrete,5CEPxspt5POCY0oeaCdOEO,2019-05-12,,23235,,
Camila,2gRP1Ezbtj3qrERnd0XasU,2019-05-12,3881654,3360478,675124,
Pepe Aguilar,03Yb3iBy9GCifXiATEFcit,2019-05-19,,1769002,,1087502
Ricardo Montaner,4uoz4FUMvpeyGClFTTDBsD,2019-05-19,,8971408,,
Franco De Vita,4NEYQeEYBUjfaXgDQGvFvu,2019-05-19,,4495024,,
Kany Garcia,69UypehHabb68utzfjAVlV,2019-05-19,,503343,,
Sin Bandera,7xeM7V59cA1X8GKyKKQV87,2019-05-19,4101779,108922,,
Juan Gabriel,2MRBDr0crHWE5JwPceFncq,2019-05-19,,4170,4599,2932169
Pablo Alborán,5M9Bb4adKAgrOFOhc05Y50,2019-05-19,,3732881,,
Onda Vaselina,1T9LdtwSTDoXrbkvHtKpGw,2019-05-19,,259919,,
Aleks Syntek,0r8toju2ecKaVtItkzAnNi,2019-05-19,,4765751,155318,
Nabález,64J3ISAKbfg1CuP4CVCMlF,2019-05-19,,,33719,
Luis Fonsi,4V8Sr092TqfHkfAA5fXXqG,2019-05-19,22369723,9411117,,
Benny,3YHFRVdfHlJ98iAc50PIYk,2019-06-16,,19301,,
Tommy Torres,264nbMzGPSkDZqTY8nXwCG,2019-06-16,3454429,683948,,
Miguel Bosé,7mWCSSOYqm4E9mB7V4ot6S,2019-06-16,3917724,3112066,661294,
Gloria Trevi,1Db5GsIoVWYktPoD2nnPZZ,2019-06-23,2864137,4929171,3082127,
Maluma,1r4hJ1h58CWwUQe3MxPuau,2019-06-23,26946475,5918317,,
Carolina Ross,5wx70QuZtxRUIIYek3RSaV,2019-06-23,1240194,,653664,
Johan Sotelo,4EgDDojMyrVB4MxP7nAevd,2019-06-23,298413,12865,,
Alexandre Pires,0Rrl4hJQjRAbGtiEwAqS5N,2019-06-23,930887,1071312,2307611,
Manuel Medrano,0i5iO6icb7kxg48thi9gBM,2019-06-23,,467212,1283338,
Greeicy,5dbaLmK5SHLLg8Z4CcTJpX,2019-06-23,8032015,,,
Laura Pausini,2e4nwiX8ZCU09LGLOpeqTH,2019-06-23,4636270,3335218,2724889,1273662
Iskander,6qEHX4yRVZ5WP069VAaC2p,2019-08-04,,3522,,
Whitney Houston,6XpaIBNiVzIetEPCWDvAFP,2019-08-04,24800482,,,
Fey,3uC20p2EoNm5LYtzSVWdkL,2019-08-04,,,,
Jennifer Lopez,2DlGxzQSjYe5N6G9nkYghR,2019-08-04,13213173,43749879,97611356,2334239
Rihanna,5pKCCKE2ajJHZ9KAiaK11H,2019-08-04,32604024,92653955,73861530,6512974
Meghan Trainor,6JL8zeS1NmiOftqZTRgdTz,2019-08-04,14560964,2161803,10282967,1558332
Vicentico,25THA9HUHoxpCT4LBp7UsZ,2019-08-11,,,,
Mustard,0YinUQ50QDB7ZxSCLyQ40k,2019-05-12,,378554,5327,
DJ Snake,540vIaP2JwjQb9dm3aArA4,2019-05-12,28453422,1515170,6150865,69040
Will Sparks,1u7OVFmWah4wQhOPIbUb8U,2019-05-12,,25,,
Ghastly,2Sa4c9qKaI7ILJs8D6gUCh,2019-05-12,786483,,346788,
Pc Tweezie,2M13icwNBL4yFmNReLlyOb,2019-05-12,,,,
YG,0A0FS04o6zMoto8OKPsDwY,2019-05-12,11656278,3254431,5503378,3039
Ace Hood,31HjiqargV4NAw4GZqUale,2019-05-12,1758609,1279952,2386465,
BrownBoi Maj,4d3sHXRJ6A7WaOOKFBXSIp,2019-05-12,,,,
KB,77IKXFvO7SpWrq8hflrUXc,2019-05-12,851268,1473,,
grandson,4ZgQDCtRqZlhLswVS6MHN4,2019-05-12,3078712,,99489,
Travis Scott,0Y5tJX1MQlPlqiwlOH1tJY,2019-05-12,31040996,,16726075,
DJ Juan Cuba,4kkSbHT6BlEX5BpvyjBdjs,2019-05-12,,,,
Nipsey Hussle,0EeQBlQJFiAfJeVN2vT9s0,2019-05-12,8862901,913399,5323020,2895433
Hardwell,6BrvowZBreEkXzJQMpL174,2019-05-12,7973287,7741603,5313132,
Zomboy,0ycHhPwPvoaO4VGzmMnXGq,2019-05-12,1532526,282659,,
J. Cole,6l3HvQ5sa6mXTsMTB19rO5,2019-05-12,20214472,,4715307,
A Boogie Wit da Hoodie,31W5EY0aAly4Qieq6OFu6I,2019-05-12,20810132,,4174528,
Mesa,01X8Clo7G0yTxbEOpUhiW2,2019-05-12,,,,
Tropkillaz,5bzWtCkjIAMgN93gLt56SO,2019-05-12,6415490,20357,143232,
Logic,4xRYI6VqpkE3UwrDrAZL8L,2019-05-12,20424338,2461563,6448383,
NGHTMRE,76M2Ekj8bG8W7X2nbx2CpF,2019-05-12,3665794,70,519172,
NF,6fOMl44jA4Sp5b9PpYCkzz,2019-05-12,8408871,374092,1151640,
ROSALÍA,7ltDVBr6mKbRvohxheJ9h1,2019-05-12,12621776,277766,2715335,
Marvelus Fame,7H2vhIrsFEQnkB7TDBuLXa,2019-05-12,,,141540,
Zero,1V599H9vfq6hWe2hGzyzI0,2019-05-12,,,,
DJ Khalil,7zfaArteqSs8YgCCmPrDK4,2019-05-12,,,,
Andy Mineo,1TMrnxBwZfmfRxsGzkNIHw,2019-05-12,1657107,254475,549268,
Atreyu,3LkSiHbjqOHCKCqBfEZOTv,2019-05-12,,74011,79061,
Toby Green,7IVgVM49Z4ztdmOqOIxhvP,2019-05-12,,,,
Papa Roach,4RddZ3iHvSpGV4dvATac9X,2019-05-12,7302817,589737,766549,
6ix9ine,7gZfnEnfiaHzxARJ2LeXrf,2019-05-12,16147756,,14908724,
R3HAB,6cEuCEZu7PAE9ZSzLLc2oQ,2019-05-12,14698876,1112301,2345861,
WHATUPRG,6YgYm3f9ifsz4OwQt8jql7,2019-05-12,226912,,59682,
Armin van Buuren,0SfsnGyD8FpIN4U4WCkBZ5,2019-05-12,10952320,1622287,2739792,181661
Sidney Samson,3XonXgjEAAXVl0WKLF1Z4g,2019-05-12,,187406,94257,
Post Malone,246dkjvS1zLTtiykXe5h60,2019-05-12,46085543,4976626,16219311,10500043
Yellow Claw,47z7ZrgFoBvVpCnElCE3Zh,2019-05-12,4935488,185206,960788,
FLOYD WONDER,6KdH5WA9Z7g3SbOuWfqmfK,2019-05-12,147661,,119,
Tiësto,2o5jDhtHVPhrJdv3cEQ99Z,2019-05-12,16956921,5069064,6136997,
DaBaby,4r63FhuTkUYltbVAg5TQnk,2019-05-12,6309201,,2031558,
Meek Mill,20sxb77xiYeusSH8cVdatc,2019-05-19,16408430,7736703,,
GASHI,0JOxt5QOwq0czoJxvSc5hS,2019-05-19,,49237,,
Cardi B,4kYSro6naA4h99UJvo89HB,2019-05-19,25656474,,,
Shepherd,0YHuTR40zc9yqfoSSArQxU,2019-05-19,,,,
Kris Kross Amsterdam,4LcUpNlXFEleaLlelmkv2R,2019-05-19,,8363,,
Iggy Azalea,5yG7ZAZafVaAlMTeBybKAL,2019-05-19,,7954971,,
Dimitri Vegas & Like Mike,73jBynjsVtofjRpdpRAJGk,2019-05-19,,1142776,,
Timmy Trumpet,0CbeG1224FS58EUx4tPevZ,2019-05-19,,105514,,772232
Crankdat,5lCekoJW9jNq01B1wiqdAb,2019-05-19,,35654,,
Sludge,3CXlG1ooii0sOdSCtZBIE1,2019-05-19,,,,
Nicki Minaj,0hCNtLu0JehylgoiP8L4Gh,2019-05-19,27899547,20455129,,
KAZZANOVA,0bJQRizd49g3PX9RDEPWQu,2019-05-19,,,,
S.O.,6nELoJ6eMXfYHX5xocKf33,2019-05-19,,,,
DJ Buddha,2m7JzVtYyAwdU0CnET9IvA,2019-05-19,,,,
Eminem,7dGJo4pcD2V6oG8kP0tJRR,2019-05-19,28788883,22555366,,8990664
Sech,77ziqFxp5gaInVrF2lj4ht,2019-05-19,,,,
Diplo,5fMUXHkw8R8eOP2RNVYEZX,2019-05-19,,,,
Carnage,7CCjtD0hCK005Bvg2WG1a7,2019-05-19,,304112,,
The Bloody Beetroots,0QJKELJZZuLAjqLOOixJm5,2019-05-19,,155521,,
I Fight Dragons,7DBXiFez54rbGjqw1tWi5w,2019-05-19,,11945,,
Cazzu,6w3SkAHYPsQ1bxV7VDlG5y,2019-05-19,,379786,,
El Alfa,2oQX8QiMXOyuqbcZEFsZfm,2019-05-19,,99030,,
DJ Khaled,0QHgL1lAIqAw0HtD7YldmP,2019-05-26,22385111,4493445,15276877,145993
Offset,4DdkRBBYG6Yk9Ka8tdJ9BW,2019-05-26,,2001136,12461895,
YUNGBLUD,6Ad91Jof8Niiw0lGLLi3NW,2019-05-26,,102569,635219,
JOYRYDE,24neLwyYRyj4ItaGnFeIT0,2019-05-26,,48288,162513,
Mattilo,7gAYkHRXnXtaZk4QMJ5kJC,2019-05-26,,,,
Daddy Yankee,4VMYDCV2IEDYJArk749S6m,2019-05-26,40652660,11956299,28496848,933603
GATTÜSO,3PlRvQnVE3XAbtHUNc4nic,2019-05-26,,,31534,
Destructo,0BEYTctVmnYa5yStp4Jpab,2019-05-26,,61033,,
Young Thug,50co4Is1HCEo8bhOyUWKpn,2019-06-02,15062961,3576190,,2191027
Blake Yung,51qb5yvMUpdRGJ5m8ge6kR,2019-06-02,,,,
TIM PLVNK,1nZvBVvZi86Bjf40oxsYEk,2019-06-02,,,,
Emilio Rojas,0ph1WGujzlmeYdaHfGf1co,2019-06-02,,23320,,
Breathe Carolina,53M4Iv2RkzzxFFvW2B1jhC,2019-06-02,,189740,,
Justin Stone,5Vu87j6vCvfwc7FNVGnBwk,2019-06-02,,325,,
Tyga,5LHRHt1k9lMyONurDHEdrp,2019-06-09,22032005,,16567565,6110423
Gryffin,2ZRQcIgzPCVaT9XKhXZIzh,2019-06-09,,33661,,
So Dope,3xEKrMqS4pDGqGvxf7zwSY,2019-06-09,,,,
dEVOLVE,6kLN4GaYwfWUe0A4cnNS6d,2019-06-09,,,,
AQUA STONE THRONE,1rcNsjikx8qlJnq4b8Ml8d,2019-06-16,,,,
JP Killed IT,2WNVuBQnFfU2ZFMrEQvaKe,2019-06-23,,,,
YoungBoy Never Broke Again,7wlFDEWiM5OoIAt8RSli8b,2019-06-23,6142350,1717820,,
Jay Pay$o,5ZKgvJ6HbQqciZuojoH7Lh,2019-06-23,,,,
Space Laces,37PZXblQTqpEWGdjctNcGP,2019-06-23,368378,30887,,
Magnificence,5zfDGV6C2Xwns1g773GF3N,2019-06-23,264907,4342,23484,
Benzi,1dqyvasqrPO2j7VS8TOxDl,2019-06-23,,,,
Gommi,4wP70TK2n1Vk1YWaDTZ7Zv,2019-06-23,242663,1981,,
TroyBoi,0tvpihdAsKiNnP6sWS3jUI,2019-06-23,2533133,54635,198675,
Stafford Brothers,1dnbud9cuozLQ86MtrDPFr,2019-06-23,435753,38612,58884,
Akon,0z4gvV4rjIZ9wHck67ucSV,2019-06-23,9066023,6378077,6241925,
Social Club Misfits,0wnsM0ziqToBwQeEbH0akL,2019-06-23,563455,52380,154642,15789
Kura,3NwcP2GO2sZZS2BVvWcc9T,2019-06-23,434364,24729,,
Slipknot,05fG473iIaoy82BF1aGhL8,2019-06-23,6484837,2081528,3695176,
Bad Bunny,4q3ewBCX7sLwd24euuV69X,2019-06-23,36189211,,17653036,
Matduke,2iTdqBeEWz0QriMt81o9CN,2019-06-23,23609,2131,,
BabyJake,07Asx51VtMw5kbNXKrpZlq,2019-06-23,254394,1815,,
Habstrakt,1YYJxpOXYk1z1WtqdeLMkn,2019-06-23,551776,45916,,
QUIX,19EW4WBhl0fvZUQgi7wV5M,2019-06-23,1647434,17754,,
Anna Lunoe,7d96RW5Vix23AiCHr3mf3D,2019-06-23,493214,41367,106253,
Joyner Lucas,6C1ohJrd5VydigQtaGy5Wa,2019-06-30,7097614,271050,,
GRAVEDGR,1kiZfWU37oS0pCOV7Os1Pj,2019-06-30,395410,,,
Party Favor,7yPPzu5UdAK7yagQqjEZQm,2019-06-30,1403726,37744,,
4B,0LIl9fjMPEZp8UDiL8Yuo4,2019-06-30,457068,46613,,
Jauz,5ttgIeUVka6FLyi00Uu5h8,2019-06-30,1970932,227845,,
NAV,7rkW85dBwwrJtlHRDkJDAC,2019-07-07,9498915,545020,,
Bass Modulators,1Uk4IDpF1OIuTzANugS5JC,2019-07-07,649448,23317,,9950
Xinister,4yLFdHzbrZfhQaKBkY9o9U,2019-07-07,,,,
Nicky Romero,5ChF3i92IPZHduM7jN3dpg,2019-07-07,6706893,2773054,,221516
Metallica,2ye2Wgw4gimLv2eAKyk1NB,2019-07-07,13251855,5779328,,3390859
Guvna B,3XgNFNKLstByGKqplDht0H,2019-07-07,622616,,,
Bassnectar,1JPy5PsJtkhftfdr6saN2i,2019-07-07,1773383,310394,,
Bodega Bamz,6tIgdyPfc6RVQJKCDd9ep9,2019-07-07,,38944,,3136
Adam Beyer,1btv9qmIpbp7q1ixCYNdHu,2019-07-07,696078,197187,,
Lil Haiti,4E9dumwOMLlTyXUp1i2WdI,2019-07-07,,2947,,
Tommie Sunshine,42tlZWSz1V6Rsqds29GcRo,2019-07-07,815331,92160,,899
CamelPhat,240wlM8vDrf6S4zCyzGj2W,2019-07-07,5645439,46981,,146809
Hassan El Shafei,62HptqyCczb1325UIjFF7x,2019-07-07,,,,
Chocolate Puma,5Aw0IGM5JS3FuTgtRsDWGA,2019-07-07,1085425,74631,,
David Guetta,1Cs0zKBU1kc0i8ypK3B9ai,2019-07-07,36371763,,,226599
Brooke Evers,7KkfsUfXaB3RNWHKczS6s1,2019-07-07,,36202,,
Spock,45eOANIj1vvkt8olH7Zh71,2019-07-07,,73572,,
Salaam Remi,0rlS0SzVFk8BoiAW0fGBbN,2019-07-07,,42308,,
Atmozfears,0MBGxwmCdXdO26ojaNcT64,2019-07-07,,34873,,15524
Linkin Park,6XyY86QOPPrYVGvF9ch6wz,2019-07-07,16579548,6109591,,4342701
DJ Willie,6HtBdwBYa6nqQl6qVSRr1q,2019-07-07,,,,
Oliver Twizt,4vgjQjCW4yF0dQdfmx2uEs,2019-07-07,,14415,,
longstoryshort,1ExbGBgD1r1eRfFlVyAWWl,2019-07-07,,,,
Bro Safari,6d9SnuHI2bRer7c76d8sLq,2019-07-07,,132936,,4539
Flosstradamus,2FmzVitXZjIkFolH8HXd4j,2019-07-07,1619308,252583,,10818
ricky retro,1fA8WmzG2eU2q13kAAjoN8,2019-07-14,,,,
Farid Bang,2JwyRtuXf2l6sTnSnGVIa1,2019-07-14,3122969,,,
Platinum Doug,2cJ4ytkNhoJDlMJzLwrSE2,2019-07-14,209773,,,
Deorro,6VD4UEUPvtsemqD3mmTqCR,2019-07-14,6561132,347984,,
Tee Grizzley,6AUl0ykLLpvTktob97x9hO,2019-07-14,5826282,390341,,
Juan Magán,1ackd5XprZEkH3McKbQD51,2019-07-14,9102444,504964,,1125539
Haus of Panda,1sJbXvN5tJwsn9JQuM8fTo,2019-07-14,162633,,11874,
Ghetto Kids,6XvKTz2XRPwlry0UdjqoKq,2019-07-14,1999110,7423,,
Herobust,43tAs3kRWvyu1B7eZOv2pp,2019-07-14,420704,88039,,
Talla 2XLC,4cc7cII4mEQqKtczWKQVjJ,2019-07-14,158925,13109,,213
Survivor,26bcq2nyj5GB7uRr558iQg,2019-07-14,6015479,15083,,578145
Mark B.,0zZJhc1T0zBurhnBwQ2fcu,2019-07-14,,13281,1019162,
Marc Jones,5v8CIAC4mqGf8qaG5BlIrp,2019-07-14,,,,
The Chainsmokers,69GGBxA162lTqCwzJG5jLp,2019-07-14,41201360,3554329,,61276
Showtek,3gk0OYeLFWYupGFRHqLSR7,2019-07-14,5461543,733731,,
WildBoy Cooba,7eWpOLnIsiYriBSL5XHGRk,2019-07-14,,,,
Michael Brun,1HcAkAeL4xf02wzAnl7mIV,2019-07-14,1786707,54216,,
HI-LO,0ETJQforv5OXgDgidQv9qd,2019-07-14,497917,14344,,
Magic & Bird,3Sv0RnybkUFxZfPJJlSV2x,2019-07-14,158298,,,
Kanye West,5K4W6rqBFWDnAN6FQUkS6x,2019-07-14,26949398,29203688,,2048214
Aazar,7oNtf1MwhHcyXRsYXE1WsG,2019-07-21,,10591,,
Türküm,6OmEJA1myxyRYNgU016xHY,2019-07-21,493060,5991,,
J Balvin,1vyhD5VmyZ7KMfW5gqLgo5,2019-07-21,,6328199,31008956,32412958
Council,3N7z79Am2V9dxOxd8K2HVo,2019-07-21,,12656,,
Moguai,4xgFgBZ7CRtgtHcziClOwQ,2019-07-21,1830404,78345,,
Knife Party,2DuJi13MWHjRHrqRUwk8vH,2019-07-21,,865873,94907,140467
Marshmello,64KEffDW9EtZ1y2vBYgq8T,2019-07-21,,1900623,24848341,
Arcangel,4SsVbpTthjScTS7U2hmr1X,2019-07-21,,1642097,9976485,1237282
Moody Good,3EN8pUGJtYWutzf2fUxrDH,2019-07-21,162566,,,
King Lil G,6L3x3if9RVimruryD9LoFb,2019-07-21,,83566,800793,402270
Gammer,5nd7jnne7zbsV2J5jBKNOY,2019-07-21,,38053,52445,
DJ Nelson,2ydZrTy8U3kOMOzx20s3dg,2019-07-21,,161555,489521,
Slushii,41rVuRHYAiH7ltBTHVR9We,2019-07-21,,182745,770605,18731
Red Rat,4lthN9sVX4QW2lnXQEUbMh,2019-07-21,251026,4008,26967,4348
Snow Tha Product,3p3jPcp8b7WL9XYj4xlsWj,2019-07-21,704079,166345,1194290,
Jack Ü,1HxJeLhIuegM3KgvPn8sTa,2019-07-21,,,,
1000volts,6MiWYUZOD7VJbJNSx8nUNW,2019-07-21,291261,,20727,
Sikdope,3EXfNuPuR3OFEdlyoSutcG,2019-07-21,,52857,,19554
AC/DC,711MCceyCBcFnzjGY4Q7Un,2019-07-21,,323714,2169220,1354877
Qulinez,6d7AYr4nvqHPhfPaDLLeRU,2019-07-21,592896,42138,15110,139
Pegboard Nerds,0lLY20XpZ9yDobkbHI7u1y,2019-07-28,,,136334,64396
Future,1RyvyyTE3xzB2ZywiAwp0i,2019-07-28,21110625,,13748191,4261334
Skrillex,5he5w2lnU9x7JFhnwcekXX,2019-07-28,17096038,6425089,8815412,
KAS,4AUPalZalhZyyd6kwhBiL5,2019-07-28,,,,
YBN Cordae,0huGjMyP507tBCARyzSkrv,2019-07-28,4579813,175897,1488228,
Doctor P,0tgjwsn1Lpjj8kKEvWm0KQ,2019-07-28,376201,175280,83577,2816
Dyro,03MVmfitJTVJIxYmObhQn9,2019-07-28,,,479702,7631
Hit-Boy,6q3p11nP1p80Ey6LrOOSed,2019-07-28,3098531,209700,297669,
Steve Aoki,77AiFEVeAVj2ORpC85QVJs,2019-07-28,16951606,8451845,8064360,1523
Big Sean,0c173mlxpT3dSFRgMO8XPh,2019-08-04,13528775,14546189,11100753,
SAYMYNAME,1PP0a3KRZiaqtahgtJ3bdv,2019-08-04,,,127434,
Rick Ross,1sBkRIssrMs1AbVkOJbc7a,2019-08-11,22591694,4462071,,3229486
Asking Alexandria,1caBfBEapzw8z2Qz9q0OaQ,2019-08-11,2214652,67,,
ShockOne,1yShtQaHjChbToQboKRzgH,2019-08-11,362917,14169,12662,12507
Riot Ten,2Zxy5LwBatI5kw4uponwHQ,2019-08-18,515132,52499,,
Bok Nero,7rnzdGq1qPizursGNI1P0V,2019-08-18,544070,1733,,
Joe Moses,54QA4zjZDOyaLN8bVthBjP,2019-08-18,,,210528,
Ty Dolla $ign,7c0XG5cIJTrrAgEC3ULPiq,2019-08-18,20135813,1559156,5036268,
TC,6b1Reb7bhjdXtkR7wUYW61,2019-08-18,,39900,,934
LSDREAM,3Hrqjumb6WHg2aAUHJHLND,2019-05-12,263247,,25430,
Oatmello,0YAkOkbeAPiS35qyouiM4O,2019-05-12,1326709,,,
Joey Pecoraro,44insiIQApkRaCMIbuaISJ,2019-05-12,2007868,2510,9839,
Medasin,62vbsDRAq0qHdezaCOzB0T,2019-05-12,2004852,35837,,
Laurence Guy,1PTEiCpkzNkLNgMi1LL8JR,2019-05-12,,,,
Fractite,6ex1nFRXHTVXl7qcbR2nZc,2019-05-12,,,,
Super Duper,5zFMLXUnqxwdgTpLCX9LDj,2019-05-12,,607,,
Alon Mor,6OLvF6GmX0tMBJJDoeM9Hh,2019-05-12,122878,2243,,
Disclosure,6nS5roXSAGhTGr34W6n7Et,2019-05-12,16559095,587857,737115,
Nall,1TTP6vJbLEjFnjflpE4ahI,2019-05-12,,,,
Coquins,2CQkYpYeaZujTc9QnB2Hc3,2019-05-12,,,,
Blackbird Blackbird,2TWKl87Jnmd5MApKEpVCxA,2019-05-12,261081,,,
Legendcast,2aodzfnGspj2pSEq7Au1Q0,2019-05-12,,,,
deadmau5,2CIMQHirSU0MQqyYHq0eOx,2019-05-12,2830978,3730993,2540804,
Funk Fiction,12Rrb0zhWhcbaXJhVtrmXz,2019-05-12,,,,
Jon Hopkins,7yxi31szvlbwvKq9dYOmFI,2019-05-12,1736475,60196,43930,
Gerastic,1uGlDC3k0x6zUAYP0LtaAy,2019-05-12,,,,
Galavant Cross,07dC1pu2nWISPURU8irwck,2019-05-12,,,,
Way Out West,3HghjRl8Mo6OJWG0WElY2z,2019-05-12,,6600,,
ATTLAS,0jM4IKp6YlTxq8tNDH9fX3,2019-05-12,328583,9445,8856,
Take/Five,4MD0pIPxvGvPdohFuEkCua,2019-05-12,664270,,,
Sonny Side Up,4gFsE3BJKgBw4VdueiIrEl,2019-05-12,,,1056139,
N KRAMER,6pY5KhflZwSO9L6Iq2A77t,2019-05-12,,,,
Bituke,3VCEbWGFkgN6oLTMvkhl2M,2019-05-12,,,,
Bruxas,5NPL2jGG32a4LCnu4koPL7,2019-05-12,179722,,,
Moderat,2exkZbmNqMKnT8LRWuxWgy,2019-05-12,892160,39197,64449,
TrackLab,65DZcPFgyDuLM0ugc3dqr8,2019-05-12,,,67,
Tim Schaufert,3PThWtcE0CEi5IUmfgTvrC,2019-05-12,,,,
AK,33Cf4O1KAVbtQa00scMi2A,2019-05-12,,,,
G Jones,0gXx2aQ2mfovDfqCw10MQC,2019-05-12,519270,43623,79380,
Naux Faux,1AM98HfKbr7vWAtcdQg6Id,2019-05-12,116679,,,
Julien Mier,5paAp4hjtSahENm3QTNsiP,2019-05-12,,1302,,
Bassnectar,1JPy5PsJtkhftfdr6saN2i,2019-05-12,1953037,307329,452454,
momü,6fqCoZCxjMrwtuvciQnzKn,2019-05-12,,,,
Jerry Folk,356FCJoyYWyzONni54Dgrv,2019-05-12,,3502,,
Electric Mantis,4oEju6elvuvjARvor8R9j9,2019-05-12,218365,11146,9716,
Allem Iversom,6RaUtVLO8R5TsVdJIxSrq1,2019-05-12,,,,
Notaker,0I7HgbIetYEIweWq7nD6En,2019-05-12,240253,5980,11465,
Flowen,6S4jzHRBwIKZw9vlUoKayG,2019-05-12,177944,,154,
Surgeon,1PSylklb2w06BAAHEtepqM,2019-05-12,,,,
ODESZA,21mKp7DqtSNHhCAU2ugvUw,2019-05-12,4488851,185666,458133,
Maya Jane Coles,6TshTCYwh9ySzOO6Jy4Ux2,2019-05-12,1079336,103204,92191,
Matt Fax,1XgI1X3xjXCKRP1ZjhqgkV,2019-05-12,323897,,,
DigiDogz,1dcQEHWXq8rz6vcSxHiaCY,2019-05-12,,,,
SwuM,2Fc1UZXKRmPpWWx1sxcb9m,2019-05-12,,,,
Four Tet,7Eu1txygG6nJttLHbZdQOh,2019-05-12,1950252,257340,154382,
Matt Lange,2AmHV6vxRxvHdlxSHxnHE9,2019-05-12,,,13753,
Mad Zach,1RxjZjOSbva0JR7T2LsRve,2019-05-12,331505,,9821,
Else,2tUUqZeqBYInHt3aDp3a1B,2019-05-12,,,,
Tycho,5oOhM2DFWab8XhSdQiITry,2019-05-12,1338681,78097,144074,
ARTY,1rSGNXhhYuWoq9BEz5DZGO,2019-05-12,3656959,226527,142698,
Rhodz,4BrtGOYp8sytG9MV91DROT,2019-05-12,91979,,,
Aerocity,7okjj9cvvx9TZJWPyhCYK0,2019-05-12,,,,
Liquid Stranger,4YJsSCuag8W1TFTgSeEc2k,2019-05-12,,,,
What So Not,4AA8eXtzqh5ykxtafLaPOi,2019-05-12,1755798,88190,214234,
Infinity Shred,17wNCnrQvAUPyVZ8FOZeni,2019-05-12,,,,
Go Yama,4Gbw8LGu071GAshE7dqqum,2019-05-12,,,,
Whipped Cream,5CMaNobmJYgXcfiT0zYOwi,2019-05-12,,,,
Christian Löffler,3tSvlEzeDnVbQJBTkIA6nO,2019-05-12,,,,
Anzo,1zPQUVj63POfqiPz9bofcO,2019-05-12,,,,
M83,63MQldklfxkjYDoUE4Tppz,2019-05-12,3922979,106967,64254,
Direct,5eOyDcFvvdc7D7BD6gCdsi,2019-05-12,,,8667,
Avalon Emerson,4yrO1N273PlTaixa4BNwBz,2019-05-12,125126,,40247,
Filterheadz,6XqUjMGrl5jFwwyQ6hheit,2019-05-12,,4172,,
Egomorph,2Gbn2Rc0bAU77kK16wcTon,2019-05-12,,,,
SPEECHLESS,0RUwm9ukhlW1oXDzXxj3C0,2019-05-12,,,1103,
Russ Liquid,70zLeNeu4AAUaQ14AC4P8J,2019-05-12,,,,
Barclay Crenshaw,3uWK9g12Kh4IarZX052vJR,2019-05-12,,,,
George FitzGerald,3KOHpygRuo1ruQAbEneR3t,2019-05-12,1086163,40761,25417,
L_cio,1bp9y0lyzSPhnB6Dk8CUaW,2019-05-12,,,,
Embee,7ga1hewK4zSX6yl16251DF,2019-05-12,,,,
Cubicolor,4nMIbZxtt1kWqUZ8VNKvjU,2019-05-12,273816,4533,,
Daily Bread,4IsiG6RpDyRq6Frd2CvddW,2019-05-12,,1822,,
BENNIK,1D2jBI0hb1xm1LrXm11FuR,2019-05-12,,,,
Sublab,3tjRdPCZTpme7vslZJYtJx,2019-05-12,521868,,2677,
Spurz,7w2AcpaXAApTypVl4yXAbN,2019-05-12,99377,1249,,
Zimmer,2pts5B2shsEtIVC4onTFKb,2019-05-12,,5707,,
San Holo,0jNDKefhfSbLR9sFvcPLHo,2019-05-12,2764795,98873,343011,
Slushii,41rVuRHYAiH7ltBTHVR9We,2019-05-12,,180009,754995,
The M Machine,62rW7FjQy7clhBDHuumg22,2019-05-12,,,,
Tim Green,68vO4fkFxLbWPxTSHosxsB,2019-05-12,,2877,,
LAKEY INSPIRED,3zDGjdtoxUiH7YcTWOdtMd,2019-05-12,355657,,263385,
Andrew Bayer,5dFuu05x8SPBuymudrTBU8,2019-05-12,,59678,,
Big Gigantic,7o7mC95EDbJKTcPAAs8C3r,2019-05-12,1314108,112879,166460,
Lawrence Lui,2msiavkyenRtKMxCDlRzEm,2019-05-12,,,,
MELVV,7cae9Fkz2R1NDHWtdnaE8d,2019-05-12,605110,7328,10033,
Anki,6IDgN356to8svgrWLUAIoC,2019-05-12,341211,,423,
Keeno,6r54QO0889i9vqaeuruUSn,2019-05-12,283886,,,
Julian Calor,2y8eOaQNjiIuITkz6zGfgL,2019-05-12,,42342,,
M!NT ,1ghaj9f3HCe4tMU4SVjplQ,2019-05-12,,,,
Milton Breech,4m9ky9cpnow3EZ44QgB90k,2019-05-12,,,,
Chrome Sparks,2pTCZ9C1fXdaVlv6d5EIXM,2019-05-12,664913,,19891,
Flume,6nxWCVXbOlEVRexSbLsTer,2019-05-12,7430881,482725,1023512,
Kray Stax,18U2xdC8wtA3Jl6mQcrjWS,2019-05-12,,,,
TOKiMONSTA,3VwKSHAfgzV1DOHV0aANCI,2019-05-12,921219,59737,122662,
Oliva,196ilRKcwHPlJv30n4oHaL,2019-05-12,,,,
Threedust,6340hzyqmfpcSbPZLFC1Gf,2019-05-12,,,,
Spaniol,379N7T3a4nmax4XPxffDn1,2019-05-12,120590,,,
Kate Simko,2KXLSIzI7CY7AJg5ARUOSb,2019-05-12,,5024,,
Aeuria,1U8stB5JKpJA7atRjrlVtF,2019-05-12,,,,
Sarah Davachi,2Swn6We5XXpyDz1YxRkprA,2019-05-12,,,,
S U R V I V E,12cKwxUl6Ku3VpSB3LjrM5,2019-05-12,,,,
Soundprank,4axjIl2fLU1xnDsC1NB3yI,2019-05-12,,2365,,
Justin Jay,5k5eiijuHxrGwXp2Pz37GZ,2019-05-12,311333,,26800,
The Blaze,1Dt1UKLtrJIW1xxRBejjos,2019-05-12,1317278,4119,60459,
Hush,5yumQW70M7N3EeWFWV7fUZ,2019-05-12,,,,
Polographia,41Vldqj1RWBrQurBwof2QT,2019-05-12,,387,,
Kölsch,2D9Oe8R9UhbMvFAsMJpXj0,2019-05-12,1086419,20788,172410,
Marc Romboy,623ecFS6T9xsx9Rb98eii5,2019-05-12,,,,
Boom Jinx,6Qt0hC59vdinaimdZkin1Y,2019-05-12,78483,,,
sober rob,532VhOtZQ47TWSTGwbZ4kF,2019-05-12,398882,6653,15328,
Mat Zo,2n7USVO8fO8FF8zq4kG2N1,2019-05-12,,71886,,
Esteble,6XCUjUrPIwKX1GJWoKm5Zp,2019-05-12,,,,
Deadboy,2YbV1TIoIl1Un54MmSvZ3V,2019-05-12,,,,
Above & Beyond,10gzBoINW3cLJfZUka8Zoe,2019-05-12,2166474,557766,470116,
Swardy,5iTOaSGMZgJ1U8k6NjmzTx,2019-05-12,237119,,,
The Future Sound Of London,2qhmNI4ZHPpeDutdg473Z3,2019-05-12,115109,,,
Moby,3OsRAKCvk37zwYcnzRf5XF,2019-05-12,3602411,,375691,
Cospe,43uhUaCqKQFm1Fo8V4EPCu,2019-05-12,151029,,,
Jai Wolf,24V5UY0nChKpnb1TBPJhCw,2019-05-12,2327378,,69308,
Spaces Between,1TSp1wQomRLNzQd8bju17n,2019-05-12,16094,,,
DJ Koze,1kR99O4MgSTasyeJh8UFCg,2019-05-12,1534671,,,
Isery,1LkYdnvWSBx2R0mp4A3YVy,2019-05-12,,,,
Sinjin Hawke,5qKCgbxBDmDc9Ckgmt4EaN,2019-05-12,141577,11798,,
Popeska,4Td7DjmnDqvSDBHtuJomoF,2019-05-12,,9055,,
Breach,2MMkuQE0f6CDaamJdWXaCC,2019-05-12,,27681,,
Rival Consoles,05lIUgmmsmTX2N9dCKc8rC,2019-05-12,,6708,,
FEYNMAN,5bpKJkKb5h112Fy5eLMbWt,2019-05-12,173123,3246,,
Haywyre,7aUSp5cOZlwEtd5zPC795k,2019-05-12,384149,25024,32344,
Daydreamer,7pcwfhcdyYJqkCV098EgYl,2019-05-12,,,,
Angelika Vee,7F81JPQLsqvdd5ECmYbuC4,2019-05-12,,,,
Porter Robinson,3dz0NnIZhtKKeXZxLOxCam,2019-05-12,1469425,643777,529165,
Klahr,3OITAuZNhf2Z9DySHJsCKD,2019-05-12,390659,2797,10303,
Ensidya,2lenoWzSFNMSFJU05uqIrj,2019-05-12,,,,
Sasha,6u4jLGLPuarS3i2XWHVxoS,2019-05-12,366958,193768,157007,
Kyle Watson,7LJSAfWhO7jhjnewy6pKyZ,2019-05-12,,,,
Little Birds,2LrHbZ8yfV2lV53wbrYXw1,2019-05-12,35342,,,
Bonobo,0cmWgDlu9CwTgxPhf403hb,2019-05-12,2483593,124561,227223,
Amtrac,3ifxHfYz2pqHku0bwx8H5J,2019-05-12,,11132,,
Jaffna,1BpJSVWvzT2RRGlZfHfR4x,2019-05-12,,,,
Dark Sky,1qo9Fb4nYgez0Hpfi2RuiV,2019-05-12,,,,
Edvard Grieg,5ihY290YPGc3aY2xTyx7Gy,2019-05-12,,,,
VRWRK,4bvxu5Jz2BJixoh6fxiLbH,2019-05-12,44301,,3212,
Keys N Krates,6c1pBXHYjFcGQQNO5MMsdd,2019-05-12,1089188,43989,66903,
Chet Porter,1BjaGDkxwa2fb2pSCXlFXb,2019-05-12,132358,,27915,
Jack Stereo,59aBz4soyEOv4bA0QxBVo9,2019-05-12,19993,,,
Max Cooper,0WSSKmoRbxqLf3MnXInQ2J,2019-05-12,431361,15119,25325,
RRUCCULLA,4DyRwqRYLu9youbREKFzNU,2019-05-12,,,,
Eelke Kleijn,1FY8kqUQKHwjibwLbp5cey,2019-05-12,375041,12049,51162,
Dreamers Delight,1bDXdxSg3Ve7V7f3bteIyk,2019-05-12,,,,
Melosense,0mGQfVACilxbziAemzyhq9,2019-05-12,,,,
Zeds Dead,67qogtRNI0GjUr8PlaG6Zh,2019-05-12,1525010,333428,358582,
Ms Bronx,7xf9GxbAgV8ZBx9O1ZyDkm,2019-05-12,,,,
Grabbitz,4fv1OFJywZ7DHCz3mVQQ45,2019-05-12,240365,18767,25852,
Commix,6B7hlHWFBeEw2LGfcDM7OR,2019-05-12,,7285,,
Ninajirachi,3MekbRujJg5VZThubOlrkR,2019-05-12,371367,,6169,
Speo,0rMH177vw5TAY2Gd1uLLgY,2019-05-12,,498,,
Trifonic,2TDsrZZt4XXF7iQlr5l20Z,2019-05-12,,3126,,
Telefon Tel Aviv,53N4oJpWtmnB0KGLLserGC,2019-05-12,,,,
Kiasmos,6X8lhZ7YaRUBlOsOYimlyD,2019-05-12,,6376,,
Ben Watts,7GSFgpfqEIoxfsUVYWX9DU,2019-05-12,,,,
Axel Boy,4DabGEOrvBxxta0YlaaJpJ,2019-05-12,,,,
LRKR,0yTK74zLEsMyrdVPjw3Zqi,2019-05-12,106290,,,
Special Request,59xdAObFYuaKO2phzzz07H,2019-05-12,75966,44350,,
DJ Shadow,5CE2IfdYZEQGIDsfiRm8SI,2019-05-12,1272107,125776,74436,
David West,3kTQiUxeIBkaXlOug0xXXX,2019-05-12,,,,
Gui Boratto,27LGatz1m8aJ7ZaVVWEphc,2019-05-12,,,,
Viels,7BTz2VW48rLYkzv9xzXBEI,2019-05-12,18085,,,
Prototyperaptor,1OpE6RVs0OBi3NtYklybgW,2019-05-12,,,,
Tsuruda,7CCrWKLbAto1EXI2eoG9Vu,2019-05-12,,11064,,
J3PO,0lSFr65zkY254m1qbHAb5k,2019-05-12,,,42348,
Satori,5nri3hyKmKBGAfvjBi0mK0,2019-05-12,,,,
Catalon Tech,03YgCJsrunICJVWiJpAnVy,2019-05-12,,,,
Unoriginals,6LUOePAzkWw3iTrAzfiP1d,2019-05-12,,,,
Sieeben Acht,3zegvv5sdr9Z2sWyai8IRt,2019-05-12,,,,
CharlesTheFirst,2FTj5ijy8lP59d2V9dHR6I,2019-05-12,257261,,21575,
Com Truise,2wouN3QXejYa5tKetYdcVX,2019-05-12,,31297,,
Dom Kane,36VhFXGlahmuSAXdr7SVCP,2019-05-12,,,,
Rodriguez Jr.,6Th7POyVfZgiHJQ64ddV5Y,2019-05-12,,7142,36430,
Pixl,210hjvKOh716ZO4ErE3x22,2019-05-12,,12971,,
Fossa Beats,2J7Bw3q4TQwPwSjNPmASKt,2019-05-12,323072,,,
Bicep,73A3bLnfnz5BoQjb4gNCga,2019-05-12,863109,,,
Max Fry,3P01oaWiEJ2uI7ZwUuaMNy,2019-05-12,,,,
Pye Corner Audio,3ib3ECT421EXd8CNLfNqAL,2019-05-12,90117,,,
Getter,3QryVD03gGZOLQQXjy3EoA,2019-05-12,1297261,234118,338,
Orbital,3csPCeXsj2wezyvkRFzvmV,2019-05-12,490563,27130,25682,
David Cutter Music,5yhFNHP0rMKAtz0fP7IArF,2019-05-12,506526,,2184,
Breakbot,0iui2Be5CP8EWxvHYsVspL,2019-05-12,,61207,,
Somni,7qFssj4KoOxd1IOPfv9iT7,2019-05-12,,,,
Androm,4e0hkGJ86D7I16d4vBnx3j,2019-05-12,,,,
Pig&Dan,04jj7dljPI0ixtNsz2pXWK,2019-05-12,,41295,,
Stereo Cube,0lpcim9mbdhneVMoTJDzud,2019-05-12,,,,
Dorfex Bos,60lZ2sr01yS7uJQeq7zoPv,2019-05-12,,,,
Puppet,0QaiCsyOUjBgLqsbABu07O,2019-05-12,,16303,18623,
Johann Sebastian Bach,5aIqB5nVVvmFsvSdExz408,2019-05-12,,,,
High Math,71fMNJGcp7GFz0ZxBvohtt,2019-05-12,,,,
Ryan Davis,0AHClmU8AZuj9naaENhVrP,2019-05-12,,601,,
Seven Lions,6fcTRFpz0yH79qSKfof7lp,2019-05-12,2047075,113073,162284,
The Midnight,2NFrAuh8RQdQoS7iYFbckw,2019-05-12,660930,,92360,
Kaelin Ellis,0QalUUx2C9F1PGbfQVcHAd,2019-05-12,99905,,2920,
Röyksopp,5nPOO9iTcrs9k6yFffPxjH,2019-05-12,1486538,65622,,
Shinichi Atobe,2n1YSv6tFmLxYalICWxOGv,2019-05-12,,,,
Pierce Fulton,5p0zkKpBuRguKebwRe0RI2,2019-05-12,1371927,22516,31174,
Blake Skowron,5TjySSb3LXfqe0zvyrmFgf,2019-05-12,,1961,1425,
FEATHERED SUN,7bfe7ceWNJ3OjzmnzcMpdu,2019-05-12,267411,,,
Joker,6S5jf5noKu0JJjLLVUCZqP,2019-05-12,,39819,,
Mishegas,1F3BcbR6yzILOCzzA3i0Rh,2019-05-19,,,,
Felix Cartal,6roDXEmZ6AARdOUv6x5U2v,2019-05-19,,62293,,
HOUNDTRACK,3nw1z931Oc4JMbF4rGfz6O,2019-05-19,,,,
Steve Angello,4FqPRilb0Ja0TKG3RS3y4s,2019-05-19,,1312724,,
Point Point,5L67d6oZKOOmXcBcMMJdZZ,2019-05-19,,2385,1997,
The EMBR,5td7Gb5zym0uodrde5koHp,2019-05-19,,,,
Layton Giordani,7mC3RkNNTV6p2j9w4F8Ip4,2019-05-19,,3972,,
&ME,5mIowAJMp7RKNheelruV5z,2019-05-19,,13398,,
Sickly,3k24mdavtODXKeri9H3225,2019-05-19,,,,
Makeness,5xQkKp2z5Kt3OYoOcla503,2019-05-19,,602,,
Eagles & Butterflies,7lzrNOBAdfH8f4nVAWbRfk,2019-05-19,,3388,19060,
Solomon Grey,7pCfNMcSlUWQgBXbyoEcyO,2019-05-19,,3977,,
DMX Krew,4W1v5X4x0ObMOJVJreZX3k,2019-05-19,,,,
Arctic Vision,3bt00stZuACL1bcaDZjFpg,2019-05-19,,220,,
Gabriel Fauré,2gClsBep1tt1rv1CN210SO,2019-05-19,,,,
Gelka,6xIXch03AK6grENT8RlmeF,2019-05-19,,2103,,
Space Jesus,5AoXSiM511L4To0AN5oZVB,2019-05-19,,32980,,
Pretty Lights,4iVhFmG8YCCEHANGeUUS9q,2019-05-19,,163410,,
Solstis,0cWwLbhs4bX6RLNR0r3FMN,2019-05-19,,3364,,
Konac,6XoPTqzeS9Y6YhHCnSH5bQ,2019-05-19,,,,
Karma Fields,1tRsdSvjwp34PDvcmix6SJ,2019-05-19,,3588,,
Rezz,4aKdmOXdUKX07HVd3sGgzw,2019-05-19,,190386,,
boerd,5E5cEevLYdQHU04gIkA3ff,2019-06-09,,316,,
A.L.I.S.O.N,3gi5McAv9c0qTjJ5jSmbL0,2019-06-09,,,209228,
Worldtraveller,5bD3IY6lj5iEqasOqqnllb,2019-07-28,,,,
Pink Floyd,0k17h0D3J5VfsdmQ1iZtE9,2019-07-28,11509736,3212644,2434140,
MiM0SA,5BTlwnHtDmzpMj0URbp4Ur,2019-07-28,,,25759,
Linkin Park,6XyY86QOPPrYVGvF9ch6wz,2019-07-28,16685837,6108932,5242595,4623131
Axel Boman,59qo8jHDlC1i30HVjQQW3O,2019-07-28,,,27423,
Nils Hoffmann,6sOEMfvCfHQ9dhSWyamXVb,2019-07-28,,374,,
Bob Juburi,4LOhQlFTKM4iFTNlpueiqM,2019-07-28,,,,
PANTyRAiD,2mdjjabTCK9Xknzl9hakW7,2019-07-28,,,,
Zookeepers,1frSJ3BwjRHE9jgMRQV5wC,2019-07-28,,,,
Austeria,6nImttseHjHeRnSY68rFBj,2019-07-28,,,,
Austin Haga,1EW4egEHrOzzQQET1ncFFh,2019-07-28,924,,,
Dirty Doering,4N6XVXvfjBPNFCdS56TCea,2019-07-28,,1462,,
Ookay,1HQGhla3VNj1dBmKTtVT2t,2019-07-28,1828944,189170,357970,10911
Lux Prima,5fNO1btmBpMwi44ULZlWtO,2019-07-28,,,,
Adrian Roland,6BOm2bSNuYGS9IeyER3cq2,2019-07-28,,,,
M-Cubed,5mp8qXOCz23K1mntvIefc8,2019-07-28,,,,
Align,4Yn4eqGITgZVZnOuRQNE2I,2019-08-04,83708,,,
Gramatik,179BpmLkQCRIoU68Co80f5,2019-08-04,1225450,78904,108508,56285
Halsey,26VFTg2z8YR0cCuwLzESi2,2019-05-12,38948304,10861225,13300031,681399
We The Kings,3ao3jf5d70Tf4fPh2bnXVl,2019-05-12,2861500,273830,,
Sleeping At Last,0MeLMJJcouYXCymQSHPn8g,2019-05-12,3755618,69794,120167,
Lewis Capaldi,4GNC7GD6oZMSxPGyXy4MNB,2019-05-12,12930354,400331,1795730,
Bazzi,4GvEc3ANtPPjt1ZJllr5Zl,2019-05-12,,316765,1068356,
Troye Sivan,3WGpXCj9YhhfX11TToZcXP,2019-05-12,22450011,9005463,10380305,
Ruth B.,2WzaAvm2bBCf4pEhyuDgCY,2019-05-12,4925133,1385652,294815,
Dean Lewis,3QSQFmccmX81fWCUSPTS7y,2019-05-12,14767658,,234648,
Colbie Caillat,6aZyMrc4doVtZyKNilOmwu,2019-05-12,,318094,,
Shawn Mendes,7n2wHs1TKAczGzO7Dd2rGr,2019-05-12,32474180,21853605,44135044,1255395
EDEN,1t20wYnTiAT0Bs7H1hv9Wt,2019-05-12,1987086,142834,285602,
Jaymes Young,6QrQ7OrISRYIfS5mtacaw2,2019-05-12,,25502,,
Madison Beer,2kRfqPViCqYdSGhYSM9R0Q,2019-05-12,11446519,2538920,12755526,634866
Kadiatou,4MvZ0qFh21x4rJ8lqMh5qZ,2019-05-12,564205,,34817,
Billie Eilish,6qqNVTkY8uBg9cP3Jd7DAH,2019-05-12,45176795,1799263,,18343818
Alec Benjamin,5IH6FPUwQTxPSXurCrcIov,2019-05-12,16201283,101420,839296,
Marshmello,64KEffDW9EtZ1y2vBYgq8T,2019-05-12,44986492,1790087,22031588,4847315
Tori Kelly,1vSN1fsvrzpbttOYGsliDr,2019-05-12,3501576,1297192,3168410,
Ella Eyre,66TrUkUZ3RM29dqeDQRgyA,2019-05-12,6726674,434774,461565,
Sia,5WUlDfRSoLAfcVSX1WnrxN,2019-05-12,31710785,3803349,,23443
gnash,3iri9nBFs9e4wN7PLIetAw,2019-05-12,7288662,275663,309584,
Kodaline,4BxCuXFJrSWGi1KHcVqaU4,2019-05-12,6586399,304048,380356,
blackbear,2cFrymmkijnjDg9SS92EPM,2019-05-12,10427621,1870634,2333038,1016252
James Arthur,4IWBUUAFIplrNtaOHcJPRM,2019-05-12,22180198,2210474,,223567
Miss Montreal,06eTdzI1FA6c2cPQAeVHY2,2019-05-12,,185576,236928,
Sam Smith,2wY79sveU1sp5g7SokKOiI,2019-05-12,35553882,7960766,,553342
Olivia O'Brien,1QRj3hoop9Mv5VvHQkwPEp,2019-05-12,7460524,,713382,
Yiruma,0fauHpmSHwodVYIjTqOGHz,2019-05-12,1909720,,76334,
Kenny Holland,0bkJj6RKaCzPPEw5yKeGbq,2019-05-12,,530599,,
One Direction,4AK6F7OLvEQ5QYCBNiQWHq,2019-05-12,13399309,30777506,17069859,308
Andrew Belle,3UAk61T8PItbpgEi9u7ofY,2019-05-12,,24752,,
Jesse Mann,20roawY1tlpPSVJj1R29T3,2019-05-12,,,,
Julia Michaels,0ZED1XzwlLHW4ZaG4lOT6m,2019-05-12,20966289,191181,1560674,
Joel Adams,36jaGQtMj5UWD0eO1fCVdD,2019-05-12,3304152,79896,,
Ella Henderson,7nDsS0l5ZAzMedVRKPP8F1,2019-05-12,2402243,1094559,,
Alessia Cara,2wUjUUtkb5lvLKcGKsKqsR,2019-05-12,18854845,1326530,2968521,1180299
Seafret,4Ly0KABsxlx4fNj63zJTrF,2019-05-12,,35540,,
Wafia,0FL2d6iFFNAV3yBUbXjZ1U,2019-05-12,2448106,7663,29266,
Aquilo,26GHRG8x1F4AzbCKzUaIbw,2019-05-12,1661219,,113,
Juke Ross,3mDo5Nv0SWpslJe9HzA2xY,2019-05-12,,,,
Hugo Helmig,27eEve8Mu7Zv8DGDIz4peE,2019-05-12,1177512,,,
OneRepublic,5Pwc4xIPtQLFEnJriah9YJ,2019-05-12,19068801,3476127,1900709,
Niall Horan,1Hsdzj7Dlq2I7tHP7501T4,2019-05-12,9514259,39295455,21662194,
Coldplay,4gzpq5DPGxSnKTe4SA8HAU,2019-05-12,27760572,23765756,10175941,30099
Maisie Peters,2RVvqRBon9NgaGXKfywDSs,2019-05-12,3752425,,,
Amber Run,0MmnmsAuQKRFpo6vJElcaU,2019-05-12,1607416,,45344,
Labrinth,2feDdbD5araYcm6JhFHHw7,2019-05-12,19256309,974750,,
BANKS,2xe8IXgCTpwHE3eA9hTs4n,2019-05-12,2404994,470717,474932,
Victoria Canal,2nE9x2JhbyjBVCaSnUGX3G,2019-05-12,,,,
Famy,6pBeJe1VuufnPUFm2KI1oS,2019-05-12,,403,,
MARINA,6CwfuxIqcltXDGjfZsMd9A,2019-05-12,6445548,2777708,,
Conor Maynard,6mU8ucezzms5I2kNH6HNlu,2019-05-12,7460179,1856744,1903560,
Eden Project,26plsJBmW5se3wurhwzaEK,2019-05-12,,,,
Hunter Hayes,7H6dkUChT5EoOQtUVMg4cN,2019-05-12,2802304,1516557,683948,
Jess Glynne,4ScCswdRlyA23odg9thgIO,2019-05-12,15110530,391137,748695,
Chord Overstreet,5D3muNJhYYunbRkh3FKgX0,2019-05-19,,,,
Zara Larsson,1Xylc3o4UrD53lo9CvFvVg,2019-05-19,18847568,1411698,,1355739
Alex & Sierra,58MLl9nC29IXbE4nEtuoP2,2019-05-19,,404733,,
Michael Schulte,21aa4pj9BvbFB2iT8kRpnq,2019-05-19,,13938,,
Rita Ora,5CCwRZC6euC8Odo6y9X8jr,2019-05-19,28220761,6805129,,
Calum Scott,6ydoSd3N2mwgwBHtF6K7eX,2019-05-19,,197329,,
Ariana Grande,66CXWjxzNUsdJxJ2JdwvnR,2019-05-19,,62745633,155410425,13186529
Clean Bandit,6MDME20pz9RveH9rEXvrOM,2019-05-19,,411058,,2931496
MIIA,0h3YCmvRJ2jqt4jFiR6nGL,2019-05-19,,644,,
Travis Atreo,58xmt13Xf7RsThzGOM1aKh,2019-05-19,,7051,,
Bruno Mars,0du5cEVh5yTK9QJze8zA0C,2019-05-19,34049562,42834492,,5256603
Austin Mahone,04abdnqPQe2N4fjztDea6z,2019-05-19,,9739822,,
Lord Huron,6ltzsmQQbmdoHHbLZ4ZN25,2019-05-19,,35426,,
Ruben,0x3PXj1WnuW7YsBxQK57xM,2019-05-19,,385,7725,
X Ambassadors,3NPpFNZtSTHheNBaWC82rB,2019-05-19,,103080,,
James Bay,4EzkuveR9pLvDVFNx6foYD,2019-05-19,12729736,440652,,
ZAYN,5ZsFI1h6hIdQRw2ti0hz81,2019-05-19,19402007,28344859,,
J Rice,5UOLfDoNQJBGlGAKQg9Iwc,2019-05-19,,16997,,
Call Me Karizma,5fENlrINIVP0gJOtKxvORt,2019-05-19,,37701,,
BANNERS,4qWnlmXWuGv2TtuxtIWlJX,2019-05-19,,11600,,
Birdy,2WX2uTcsvV5OnS0inACecP,2019-05-19,6599317,332,,
Cailee Rae,68Ak4aWD1lICGb45QFjY12,2019-05-19,,22261,,
